


































































242087 664467 3056436 1161749 2884747 2204352 281208 857505 108254 950445 3184291 949385 983841 88690 244220 229812 1310289 607248 451799 297043 773359 425939 937134 52790 608628 952346 949292 916318 581396 772490 877872 32551 371578 327745 4215764 677973 455068 1958465 590892 1047163 1776738 1391735 1532634 643505 1716899 2429746 14957 298332 392847 2809757
3433115 1531571 1543305 4620287 782329 700424 4625094 463062 4624374 14751 122868
1550888 21909 1295453 2548175 3475093 3239977 14751 1315784
1361817 1743222 2908890 2908891 342685 2574710 1749351 2909081 2908960 2950936 1696499 334584 1185811 1024841 2909082 105568 1543612 1743779 1045090 2486932 1754620 4635911 2909091 1984809 376690 2527776 1751392 2908883 3904615 1788872 1754992 2162573 4635894 2908895 1936579 2873582 2908886 1802729
1717265 38397 1603121 397253 1656766 681573 930501 581746 102449 2370 279408 587173 206915 1638144 2136266 930506 1603085 805068 2452016 409804 3228909 1039360 445728 7187 1604931 3653290 9246 496710 3003786 1139375 629028 1394731 922774 2990004 713887 3885486 1770554 416441 86442 1255807 3702721 3743069 164140 201730 1516586 3167814
432643 182820 1574506 2823141 1423281 950922 1825716 182826 1441439 36408 2718941 2370 2689227 2393058 1426977 623249 2875690 2965819 2762156 2070387 1981941 529344 175323 3243817 4988 1005029 1770522 1005198 2178576 1396133 1500319 1441945 3491471 5088 2451629 982382 562256 1135991 2276051 248005 3939874 1214365 1124822 4242999 1860800 2034657 45887 103760 3028543 1229254 1471843 461994 382181 2711659 2883013 623308 304300 1512045 175875 972819 189438 191821 2727630 1331497 1206744 662080 1423279 1214346 182853 2772564
770257 1538449 1574506 562130 520515 5088 654279 713887 461719 621097
1152579 4277820 1652 288349 1329 219715 797025 1091050 1105252 3361522 2514078 90055 1481258 1750547 89919 3121910 90110 87833 362395 604823 1445321 3372784 3344848 1380874 2255085 679342 3048469 206944 214713 2001673 607207 3118926 1173742 557364 606911 134703 90091 153017 11860 2418437 78589 2824474 772088 293544 2214684 1074524 3327789
1670103 1275328 1193157 1291255 287322 1327441 1345604 1340797 1336039 166534 1277219 1277220 2061169 1327128 1398754 2328369 1221824 1417463 279824 119678 987526 3248516 1320235 119668 1373531 1143905 1371404 1337790
1275328 287322 102871 157445 210480 443580 222966 3207106 987728 706715 2246853 2341921 727363 537030 113315 27046 232580 1552846 2990228 12121 2054306 119678 150059 1192545 1310328 3529164
3452850 1363943 2596203 237481 287322 21285 2977605 1807071 2343671 1570049 115946 1730210 697766 2800719 696469 1238391 589084 2538729 2034096 2891497 2450162 2576701 3782842 706715 445364 3513912 2246853 2416387 522857 2807900 2814513 2375849 3875517 106343 237505 2561689 4452011 3289698 4295034 2249588 4635915 2371001 734533 237490 1327502 1129837 2610925 4170481 4299730 3039764 1594732 4362685 1170795 2361085 450585 591342 3107687 2360337 2978982
287322 2182549 1237 1963487 427058 3207106 987728 159328 706715 1657981 147461 150101 147268 727363 3782711 3782749 3623587 1559404 232580 2990228 3811764 119678 213614 1310328 3529164
287322 21285 1963487 4175294 3274 3207106 987728 680350 3559550 3589124 159480 706715 1427196 1221824 296102 147461 3924914 1294892 4176985 727363 3782711 3623587 2654583 232580 2729065 2990228 3811764 119678 213614 150059 1821406 1310328
1328195 260405 544097 1977477 2732467 4258149 1727168 1163891 495935 798184 3834766 638374 4226006 1400088 17748 166124 965599 464492 1383168 307477 255202 4443227 914992 1764722 453352 4416936 650654 3240910 1383152 263267 1378303 527098 2350693 3200243 271182 263242 1378140 1702765 3369360 1451108 2379894 1173670 1695077 492328 1237492 3310090 114320 1689352 2719566 1713148 4226823 2963639 1697933 2533597 4220774 410928 769562 3190642 2919289 3228454 1378162 260409 1378277 1583387 1646868 1713897 4277064 199659 317973 3944953 1350849 2421559 4462941 320522 2725440 1387294 1291403 604579 96116 819967 800833 1063644 3149091 1923043 989140 3734323 38033 125652 1326957 1383119 1378347 4462935 3312218 2392893 249637 263200 1047278 1998985 2537653 442755 1887981 1673862 1732146 2100638 4488875 1378309 280514 4350052 1473804 2873547 537944 1305325 2203564 3934622 4218932 3312803 3289798 3691852 2831732 1345342 2036750 3143578 4500605 13803 726303 1744945 403676 925140 3039565 156762 3308437 1387576 3431621
17748 166124 1380655 263267 2231967 2230921 2676736 460734 466193 4227842 4226823 4220774 72163 604579 3468589 96116 223878 263200 466333 442755 417029 264200 14327
36695 2235323 3170056 3222674 3222192 94165 859365 2279366 57492
3006483 1704127 655112 1754931 389690 866172 1789369 1434969 3826957 2337589 78866 1127516 374986 1212101 1923043 2366939 641947
608510 229120
911602 243993 126024 1659878 27771 2529636 196611 2018832 2861692 2686653 1395590 1020790 1939581 270331 3559426 540216 329818 299344 434454 660830 803881 577852 2816985 2058257 87617 1048299 1031207 2059391 1562021 818428 2020753 1434227 19924 1393994 205968 2773992 189121 1232160 1226957 145894 978472 160178 1203105 1163111 168081 2013458 1563190 1940438 1470556 1030159 419378 194965 669729 81106 414307 362820 2615351 3733639 2229359 1028229 27063 1437902 2384328 211376 3847916 2156890 2998511 3181658 132205 1389642 2537577 677126 988252 3151144 2250430 3348228 1432693 2210051 2264061 193195 145890 2263554 1691725 567568 7730 95651 371987 348652 2205892 3194093 818102 2071622 244325 526406 387599 862385 3175544 2220514 3060637 1038265 2280700 552011 1639958 1318701 1043725 80514 2776587 1112451 2693054 2692736 2223636 585019 271198 4323344 201062 322042 2648641 78260 4635906 552827 2113675 687760 2784205 2372315 4085261 1053887 2130791 1646001 2632342 488039 597592 104819 2809061 873454 4284814 1540976 421691 116055 2624826 325701 3041484 3054795 179079 1803596 4186501 187358 2702200 1746798 150666 1291606 2902820 3014342 17192 377937 330687 112142 592229 35554 2444074 1377224 146461 475000 226415 1871736 328660 276590 2307837 777082
2544829 3096844 4294594 2583528 3703026 2812181 4628813 408168 218889 1469644 4596167 4096571 4251511 3394789 2080798 2165999 3422033 2617807 3136833 4626677 3275153 2555322 2833820 3574581 2689206 3981490 3028487 219339 2914166 3158550 3181024 1275172 4635882 3020106 3608043 1606142 3496677 3920680 2390274 2879998 4506009 3048992 2965848 3281911 830786 3455137 894450 886582 3145748 218870 3071166 1976601 3152329 4137776 910968 4283076 2520832 1052476 2546418 3884568 2866568 3754558 4375611 2692682 1347996 4553224 805253 3016924 2912371 3220035 2843836 4518744 1664872 4287950 2984013 3291316 4600834 4434083 3688280 2764677 3301669 3345662 3236887 2964788 1112857 2749788 3650314 830445 3140416 3719624 3332902 3568288 4160569 882962 2929827 2649568 1505064 2866596 2866612 3435075 4614146 4010276 1397822 3332964
2592165 2748968 577285 207743 25598 577959 659148 2261511 2801158 233584 29908 20471 504853 3884252 1108145 143972 93320 121554 387630 420280 3370 94342 1045305 1672614 170557 1347835 4519300 175972 990788 87713 644486 2010368 3295000 95279 1572241 239092 3579354 2879904 1317327 517984 143574 221975 6060 38849 35245 1541939 122976 2064210 122584 1482273 2317455 2767131 8903 3236002 1146616 9426 131141 135243 104199 212769 80321 1155776 103536 3536995 513909 64957 990092 2662213 3892071 14027 3774532 656625 2963445
1574978 19104 637980 233323 391184 1265327 1363963 1895242 2899852 100472 3228909 904733 1802290 8888 902246 2899956 1931236 1336010 698573 2867249 4635905 8948 370014 152437 2274473 1778949 2644315 1572807 2203238 309221
2142356 3819806 3103708 1947550 337765 769941 1075471 813902 1976331 265247 561365 3298164 1400045 181575 3260870 2490409 3237930 3444197 3568139 1841991 2500805 411967 1456216 844941 2645259 2423538 3303900 510446 1480506 1370569 3237444 4497056 3238586 814605 2361547 2995872 4052862 2042747 898472
4208199 343240 2161318 2104141 1561475 383008 381221 1349831 2104 2202775 3350708 1010135 4531674 1500713 2895771 1253445 2768577 3267251 2459672 345967 2807357 805940 6416 391536 2733890 749324 1919197 91927 351802 104811 3016006 886408 902435 3336025 537069 1339077 2202742 2653101 1383151 1933123 15054
388 4624918 2233126 455743 194060 523588 4625121 18417 2698 4624929 2216858 4624836 974145 4624862 791793 4624372 4625122 344553 814076 4624932 1755249 4624985 4624956 4624950 4624886 29919 12681 4625011 3017274 4624962 4624241 120146 4625021 4624946 1770809
104482 144676 263573 938 24445 191518 777303 806168 24135 133514 1807488 2838009 3818216 2695153 608537 341595 215277 25334 1392040 1085896 603274 130252 2054004 261003 4527573 24429 394325 305490 23202 878812 815670 782465 21816 578304 483664 453653 411973 24965 312917 669016 196764 22175 1968724 882179 815636 815667 798630 729468 446269 1450797 604221 471296 4474715 757832 532600 582721 593884 1002437 2138709 2743613 2233992 816429 2973835 2400772 2503504 2451951 1265475 18612 165373 456400 607684 4598728 1138824 1545321 1350182 1545341 764381 1545324 39969 214015 917298 208037 140311 93259 1624645 1780982 232761 99256 202556 179909 510466 193642 19646 2608943 2083659 11588 766122 312753 1743598 128102 1714896 684286 1854550 256589 237216 18620 493631 24427 11695 4432689 914899 104461 80421 400207 864656 720857 4635910 1234707 435822 500390 986084 760421 616295 483132 425138 1211016 166725 215316 379627 121969 541837 146295 141034 407857 1528503 974134 2026994 14872 2766086
848399 1850534 2445967 244671 125561 137801 374563 131622 116097 138179 138171 134668 240615 700586 274897 3801428 1199509 4341464 3795787 1385535 3900219 3657433 3750158 2240381 14856 1051035
182038 2253951 870679 168027 846627 1543649 2782509 715576 963423 932797 1454198 101195 2291875 505083 1173068 2797278 1903716 141100 227251 79471 228069 1373650 1693486 4470892 1270156 327518 21837 27632 972269 584167 2042875 150318 1574739 1574769 1929399 116253 27638 2981451 2991812 1097866 710874 488804 181434 115942 46327 1192757 2158351 1114835 1891275 1097847 2986359 116210 115957 841399 137881 255615 234465 2521827 45059 4028330 228068 1303683 191025 1295236
228425 2307 1265578 3163452 2202628 938707 1596298 2659938 1187329 289650 895769 2241119 3825730 1027357 1876013 1955161 2076574 495682 203556
380102 1812833 469399 2024702 15520 1207813 2023852 1799845 166246 535445 203300 1594263 1362809 1362839 899561 168027 1531169 923132 173789 2022212 4189135 460066 2029823 52810 928000 1777494 2024694 535225 279136 523704 1543649 1512038 3430210 1546 3189391 1558835 505083 1555014 1549930 1103539 612521 1245004 2198860 435962 1903716 1310448 1500881 710909 1499706 1322787 1090835 175808 1516064 2072037 141100 234342 886310 1793495 79471 560909 1780443 147977 228069 1373650 762568 1136135 434453 863981 1270156 2223425 428012 1226585 290781 246490 426528 221981 505284 463456 1219733 27632 595192 139806 2642486 2016482 588409 11367 1188504 489544 406849 100482 1574739 1574769 116059 4515454 145442 1114771 9473 1807159 9834 284755 1929399 4248974 116253 1970381 1009001 1097866 115924 181434 27614 762366 1114835 116210 841399 1744370 38297 1390489 298757 290473 234465 1186884 179142 1158186 327907 446567 1549291 234585 1183002 45059 1054163 233791 1866362 366741 366695 553972 151934 190060 1528264 1524457 668208 553171 1447749 540074 1338628 1448779 1441271 4456680 95295 228068 141083 207009 904051 191025 477667 92951 1678252
180592 98142 3378620 3625420 5398 461211 6627 8203 768944 2876357 1227816 392996 3500323 790812 686856 12836 2256069 1247133 522626 1395879 2674925
1064515 3938233 629237 22754 4085897 649039 1731797 610432 1215752 412600 685026 1103309 2085696 1317452 1643316 727959 1070084 17535 2765001 2220127 3139629 391177 150603 384645 1224040 3528639 1385714 331235 1881520 2484375 2320367 590154 631176 609008 3488716 1070441 4556740 4532069 3147416 339655 609010 14786 3368916 631148 4603954 1546220 1081575
703133 97572 453268 1191089 1012929 691258 191005 888764 266216 2295447 4071849 301803 81258 346736 268383 1502530 28004 459799 665174 1114154 548044 165743 4428385 689079 786736 1767537 2700 135057 233704 317344 1659927 582840 145783 663389 1342275 4528 3657566 3493236 98041 367247 103814 1792579 691237 2193020 2095499 1542237 160730 1193652 1870924 791113 108672 691118 742851 354841 1899819 645449 1196116 1153839 1758393 210505 1104466 690073 3598104 796067 689021 684223 687717 555541 3517340 565577 605991 944773 616519 25947 4635881 4507090 4626140 623940 152653 415368 3616145 962759 476122 165729 1698880 1578101 1145804 1214344 271407 281180 367099 1925798 474959 726518 4626333 740980 541832 1073222 630794 743852 198344 4532182 528216 702965 837767 523205 996825 494049 206504 165735 234356 26348 207481 195029 602955 1584010 1743279 1794394 894833 607898 1139707 3389295 4385868 478724 243491 3388048 180644 13550 738780 4626390 266214
1664650 1609946 1609890 4262 1398503 3204702 434486 2506210 236930 1241031 178273 4178096 1872426 7959 867453 2124788 116699 337001 1803375 173496 434132 1097853 1670837 725643 81847
3977435 608537 2613350 645500 2248502 178495 165373 500139 215316 740666
1690345 3407142 1471936 3245870 1360395 1700627 1641012 151481 2038183 4066562 1647798 9938 980005 814910 2027947 1690328 818505 1640468 123054 1880643 1460619 296229
2990575 2202628 3136916 1879634 1973350 3001297 3520127 354857 628802 3583125 1779741 2567679 1593289 99550 3521620 1876013 1901931 2076574 495682 1408858 3942720 843082 35329
274058 2216253 257691 301166 104709 275098 1491 179220 1088722 183574 2179657 573676 1098483 1908955 4397157 923828 404916 422573 2023842 1373374 669929 232864 309250 213573 2716423 840860 121297 105180 1871028 104792 1455119 1526695 1434496 84418 1386704 2090083 3390643 101302 161146 33035 502208 4315570 9266 133398 104846 4234722 973859 33380 980887 718764 403508 538134 310070 4394929 3928120 865664 13047 1421001 4323571 595284 751908 1333717 4599665 751914 142269 748365 497380 4317308 1023558 591899 1441401 4397686 4394053 160790 86018 464795 464811
264854 106 1106180 495385 358861 18236 3219994 506741 748482 905188 98214 212033 3123610 851475 370874 138542 793845 17924 261918 499291 263084 449446 606776 4635918 2074636 31806 1658865 8137 3174237 183551 38758 476394 450965 2063224 2269432 225020 10579 1601511 415645 32775 342009 11430 3592165 800791 13045 12174 2303016 1737299 415866 1258182 1605603 2261321 13784 13546 127498 14250 354140 633509 36389
1443369 1792933 4525055 32736 1496615 3094400 753124 2008910 2204623 575346 534175 188615 365960 2195394 274173 629 1143191 2226110 957171 1552487 1546668 1546605 1243380 63 601397 485956 793928 3897778 1104245 1698299 599018 194199 1804297 432598 554993 87950 1807348 642900 993491 998277 497685 120201 1172055 1801715 1681301 478799 220777 317643 3283596 294832 608366 1592455 1343603 905572 188730 2085816 1049414 1120840 2095248 542476 977848 2078826 1807358 2089207 2409 667089 1796762 466677 473727 471324 1706248 1706258 516542 1712193 1711960 1794860 774098 94574 224122 1788697 2083862 89419 1244867 3143890 347115 2140551 276845 781706 159473 2107533 1701014 954267 758848 1916711 637206 1488588 904951 1143059 97580 1525221 821396 720675 141574 1242216 1243779 1794361 1710760 1518172 1520307 1529816 1518295 3737876 1072534 27520 1654115 1925917 1460365 1460357 1460339 1460271 1459723 1459700 1459672 1459649 1332976 30878 1459534 1139956 1459530 1456633 328348 2176126 1547209 692064 1812348 1615598 1723529 1268043 872274 3722815 121142 3732813 33864 484717 1319672 4251459 1751134 26620 1127165 26328 905609 114700 1574071 614010 105575 28826 1495200 853295 26417 2147943 1812329 907228 922002 236365 1986816 496385 1249628 1281111 786397 528801 612920 33399 475625 839270 1252670 648512 1752733 94433 1807353 32530 2718337 951290 1804300 1192310 245031 42962 1191649 7464 1178863 887666 935968 1377218 529507 1248075 2209020 1492649 179454 1558523 554010 1658200 32529 463089 338657 1307880 1577542 1722497 1525956 1758135 1779533 1490401 428090 1017624 1807427 2122477 2092730 2090831 378819 680997 1507987 687922 1219469 954206 2269673 1325605 698526 89918 1545159 2322640 1416153 404149 681889 563505 154894 302109 1274126 1863056 1730445 506257 2204416 531113 1427658 2046117 1245321 4635907 873179 1107972 166029 83204 1582062 1825661 1475138 1377996 1177085 845458 1622608 4585337 346949 1209627 1956475 1788938 2190210 171861 146751 192244 581090 1513523 2219510 254204 1242406 182867 1804305 129768 966076 11965 1856434 258756 2107292 536818 981043 982718 492123 517373 1242988 454104 1251226 1739140 465233 593321 493898 529820 330852 1484881 1919892 1196205 1139698 1782438 484318 33375 1172455 704363 1499580 1803150 1843197 1788888 1796770 2226035 874824 1421095 182164 4087968 30347 548115 1788910 1788884 1796755 262105 639293 905683 84697 2259724 256779 1009634 454771 101316 497412 1427386 1189927
175987 1603331 1395760 233327 2012535 5864 412110 116719 4470623
1828549 1264385 3974373 943672 1828999 1517811 160467 1472799 2059733 2739130 159851 1480440 715844 2168182 2282853 215780
233572 64999 93399 24217 196744 24169
1047657 6285 194878
243831 192257 875305 180396 195712 584766 3712147 234753 439696 195707 234680 578623
1360194 9056 232901 86100
353629 714118 3546229 214225 1000813 709597 491913 351583 3755278 466780 7023 459947 564899 1412558 4596323 3546257 563693 214228 111436 445568 492812 268379 268337 1954884 15362 3378875
134227 6890 4328850 1889989 130624 1559353 1673125 25637
1110161 570243 94816 615480 2386320
39879 1490602 1490570
193411 620385 5748 889907 2150702 575190
125370 374362 4057654 374369 2567862
749038 488598 768507 224258 12473 1034743 1721367 85901 523532
3130655 1510016 29442 2182069 3223017 80164 231752 78408 2406670 1050384 2864743 3321394 233566 2979723 78437 2094572
7387 3665144 322087 366158
422337 354415 119649 227661 2279377 157621 717719 133068 23586 354390 15160
3558828 29455 573826 4635908 362247 379417 723515 3990165 1984746 1086310 7355 1320324
2522198 12171 82969 41042 1051854
117044 848050 789614 792185 1705204 1045266 384895 479886 10980 2791899 1703621 15117 2754018
1552319 412558 494479 1999723
189619 39263 3875051 867936 73950
984 2272933 747706 3263220 2643068 2424063 4309464 2728487 134610
81132 368838 2391380 1668152 136836
124405 2390783 2632992 134807 198437 934032 3400019 228621 7762 1499783 767835 1125662 2745133 337959
783356 783289 1512584 783274 783294 394182 3660018 26541
2925744 123 3247289 5191 545549 5148 82803 5143 807216 1140376 1260843 583614 12584 3832336 8156 165830 93785 92957 12417 3244454
1211472 368117 1144 309043 32022 198455 82721 451390 211968 1219446 324574 1078319 202243 492993 546114 21733 621750 389673 87208 386768 475855 517581 587028 448948 1054575 483407 442746 1534886 2888565 736471 325739 318043 2247449 808373 126325 5432 1044318 121432 80624 90659 675775 85415 7050 1242520 44316 7030 129439 1480459 94411 136596 247408 213793 84530 159357 7294 17131 80514 1572211 437639 1541972 346291 646752 182822 262205 88388 854065 1506514 3230415 657375 147013 908099 320066 42791 240414 1738714 1227957 1536286 385435 756519 1514127 638063
1429674 3827996 3840 3669735 236332 2407193 371033 637205 1249800 4320485 1223272 623649 99693
194401 166519 601060 546696 3967865
610506
2598792 131155 2076398 666367 395742 3782339 1070211 2131428 4136795 89184 3960014 619072 853691 679138 727374 135745 3366617 409372 3630756 545615 2205892 78912 2554995 138734 425760 1335587 101352 1043826 1863147 687981 1178678 86292 3000619 2490309 1271202 104130 2996575
3984372 3982956 3559806 151862 12585
1007406 367891 410352 247115 264000 2267875 2379742 1021156 703874 760867 99192 793003 104142 875682 1458015 152011 188507 120777 100763 289475 1152663 1630866 182358
126554 505400 583545 1048251 895369 964817 1012950 446308 1420439 840175 238739 4071002 3691977
2658660 103574 615381 581498 3200817 811702 103048 590716 149109 1502436 2883874 589379 4568172 1450354 225343 1527420 4604848 4584615 4635902 4264924 233046 1575886 2496659 374823 1565519 1397393 800515 592390 782263 562603 943214 1739 144517 733513 4596360 615360 3140980 686941 173565 4304727 614214 2750172 2606031 2891697 2884485 2982162
724651 2869639 2062404 1462041 275246 112139 369641 164090 87924 2234473 115206 2401705 27776 418044 97458 183351 255281 811718 222993 247826 85199 977336 39427 22017 23354 1034876 363770 3975673 2376249 1370135 4483780 790897 3965707 112083 163760 587693 3184671 2301989 591015 1357399 2523486 4339334 4049213 1721138 426871 2035668 3339649 2487268 1017489 2571691 2038815 1231211 588995 102978
37289 104022 280270
123515 523673 1954 362632 1452922 2312365 1828128 2502283 1815215 895056
3034725 364211 1496257 12217 191467
130543
886008 1794733 1325968 2492630 1569754 1977832 2575182 2868178 211336 4192964 869827
1570061 919286 93655 1719449 1249680 2737995 800117 177843 518844 2194614 1095356 3208271 2852174 195757 3711419 789605 178056 3773566
1143716 26964 308596 1130926 4229063 1837362 144560 953507 613541 123943 328699
103905 2053818 405439 1745 147885 3884041 275292 621021 144830 20680 206858 258643 222514 529516 2850636 2741232 2510588 121112 182398 11882 396614 182527
2925584 2092908 356788 256243 297381 632243 4634533 113509 936841 262837 205196 450806 360049 762665 2630590 205851 192816 353888 2177005 2599572 12552 2981733 1299621 1290542 3228761 1290087 926853 522885 4335054
1041297 36867 93990 422249 2769780 34339 3519305 1959592 4350553 34354 170538 1682809 1475603 339458 1261516 9969 1175379 29637 1420657 2055569 428300 748149 178592 94070 1474930 3975652 262199 264761 34693 3941294 573855 2856999 603252 226773
96548 4635890 436664 237297 93990 3596569 4118218 3175029 1653673 1365424 34339 541909 365089 24876 821590 778167 31892 27388 2052993 156241 27626 771844 117713 3088804 162483 197617 197664 197502 142699 162498 162481 197594 1715449 2861344 162491 428289 109669 3265138 9695 2271512 404156 3325626 745265 3692320 1283686 11920 11723 126368 2704444 4635900 12817 978070 142696 12881 24895 137913 315532 249415 436099 24234 14522 130724 130914 14225 128562 2638831 21723 541891 86320 289810 15135 1197294 158145 3237061 4002307 210114 374830 339588 9398 432102 236154
178654 1338041 2202168 978729 192487 238447 21347 856651 3263547 2665092 153086 1645164 1228616 867553 32479 469243 15152 922948
700 341572 259376 597218 133493 67784 1889252 5597 1146035 6811 172800 26668 1866383 18573 1919982 2026462 32122 27557 2564874 2740780 1213932 155840 133447 878178 413461 347487 278470 128157 1306502 397722
2160057 4186839 1787883 1941243 2188252 1146735 2878952 2876949 4346122 2973977 1304509 91375 91323 1431281 2004641 2120168 2795714 1997644 3261801 3421017 2973717 13815 959372 3234516 3693066 1641111 3946113 183376 2727152 605205 190424 506255 1324810 611363 2975110 501246 1518907 1117784 2195457 3040072 3252033 2656118 378484 1311963 894084 2975114
427186 872879 2279736 1839435 1471017 2291511 687586 281105 302830 1301687 648891 902392 378280 20018 776269 1087593 24090 4315257 179823 2113889 1641456 1087590 2288044 2082105 1347775 496868 394003 563887 371677 4174557 732994 652312 815585 2985814 695014 195136 1273908 3056289 1465520 87525 4565212 791396 3847656 2724194
150992 421024 325203 1731 1746 27723 4635887 3942 17320 667396 27717 1219617
192280 2351831 25314 166812 3796964 870643 1988937 653091 531634 3572850 4635909
2032803 561213 2463092 1207750 827266 4635898 1504262 1350500 1410276 1632875 233239 623174 303322 4019472 1520328 3838840
523704 43 4635899 2925744 20669 1365 1358 1333 925806 2287 2227 2148 2172 33684 135843 1247900 94732 3036750 95872 4636 1020777 108522 5554 1094028 5143 5288 5820 5798 6330 150024 6320 1195598 132669 6338 6813 7343 7767 7840 185947 544714 544728 544735 544801 1827740 7769 7793 793833 659811 283172 9497 89650 9484 911002 4213893 9494 1984030 1984772 1815223 89455 10247 11531 12391 12473 575228 12130 12100 183105 322327 13686 14485 454103 720582 2713993 14733 14964 376068 15288
1495754 200985 116542 1117588 3356095 3278335 20669 310863 3254652 1333 1514890 869730 191036 491187 1871587 1486112 5143 855018 5798 21837 1467810 132669 6338 6813 1543059 7814 283172 9473 184325 866446 1815223 127287 2998202 13408 895413 12130 749377 22673 1289652 2340659 14964 1161136
305082 914482 91765 17464 696129 4092089 534705 4406180 24515 38076 2889153 676752 2598841 5863 458837 245010 117690 194820 1910745 1098474 826995 945570 4345755 3814990 534325 2436294 26399 1435261 2283219 302228 2670085 533370 4038320 366673 491014 1174272 23081 3591712 4403753 546901 2976803 4455974
235498 1384802 3948692 190728 2757943 2034475 584497 2286099 203423 766333 3673377 511317 11289 3144848 501757 3234911 699330 217506 225123 659248 448482 1950764 1564012 4093158
1781734 3243239 3243621 1310786 128763 4604927 804681 295450 1545274 1880887 2921433 1882184 254550 3406111 618310 1521505 2205035 194828 177746 84636 422580 333989 2864388 230772 289132 3234998 159518 306290 2143897 2649576 2650164 2885924 212522 221121 263444 602592 1194281 242030 142281 3159403 2799766 3203232 94011 1270971 2177620 235466 2712198 2220008
1011669 78186 3795658 21087 104890 747389 782832 910118 19739 1196661 91806 2969394 1237170 3682639 613157 210457 425354 177026 889613 141131 3720339 12800 1323590 108065 139976 210294 943590 4556164 472159 284235 822266 407331 760007 230039 20692 437573 822275 85155
2916541 284752 73415 4635896 542822 328693 2860 193248 1454196 3028 539056 716839 1843109 189038 20198 113575 4037008 4187 286575 4804 4695 2875267 188374 135088 6976 383779 2060489 10159 78840 1220688 121732 112869 282976 261845 18585 309976 443616 2972526 309927 309916 309963 368884 10205 142550 3971438 2230699 10819 860503 191533 89215 28013 10773 131539 281242 11602 2292401 27707 13453 12844 2040472 688965 17465 1492103 3425310 149622
382774 1372170 1977089 1104571 1389074 1829119 594928 24414 560771 706999 407959 440543 306366
1500507 773583 243865 5098 2027122 121467 90762 285892 8158 150399 198305 262952 10971 3858892 803655 17232 588666 688965 474395 3495463 17566 15322 215112 504934 29140
1231207 1853 1088274 3473989 27070 21901 22073 21595 275824 908425 1310794 113875 2219514 403899 1082486 460315 296055 231296 321240 580295 111208 237976 2445726 383494 166640 329278 365314 127409 156710 317134 24721 904271 126392 165399 166904 21975 34201 514615 3504284 1256307 127410 167059 1448531 317178 2090340 390344 656122 758508 111121
24223 26628 1390 21809 781 26627 4635901 17512 2712865 3328 26638 26618 1519919 26651 2603 3763 3977 26461 26603 26711 25014 26612 6172 26560 7130 26606 37594 8389 7832 116965 540201 2153844 49908 26629 26539 19986 10036 60856 26635 1009241 26617 26639 24794 19049 23016 25116 2238591 26470 26549 26544 26619 48705
152002 26193 2170439 324621 2102 222091 26156 2186 196614 23162 3734 184656 26566 2652714 6172 7201 226224 17529 530184 15304 8154 26275 26318 9285 94816 2646998 739557 163732 1984213 43332 2118947 26442 26444 26432 26435 11674 349118 99878 26662 616000 12473 304805 97102 20463 126144 13737 20959 228790 15222 1334106
568 224 231 94159 1882 111324 3796 37984 4635895 111319 3992 131533 1205314 89955 96795 83584 2607633 38188 99939 5844 1058577 6775 87204 29001 29568 18558 119624 135506 111308 7727 495688 4228623 86402 4574096 138972 86497 1209440 10784 46173 926916 11926 1339347 12615 23702 13462 23570 13741 316115 32871 26977 15118 15138 15254 15046
322733 322821 322859 322896 323066 323140 323262 323308 323389 323422 323446 323486 323519 220339 229664 475175 1797453 2388262 3072727 3835817 3889026 4460290 333520 17266 79938 179425 243208 2264425 119735 37266 141211 114187 834329 7271 126384 345130 197811 21518 113374 87550 109357 110853 229785 1115687 1557089 720741 243487 341820 476380 201604 164037 9168 28905 18989 161049 358588 18190 153265 116364 222440 1087020 114475 17549 142736
318600 327282 322801 1560394 323216 323246 323423 326586 323405 323475 323508 325528 323531 325522 323550 220377 325534 312530 481372 924623 544043 1420994 1798150 2600889 3072685 3072759 2870582 291073 143555 126438 344482 143096 328475 475659 116154 4707 142547 143177 140730 189150 720741 2261850 2621871 285705 4771 1098881 161289 2063010 189118 192894 329171 143122
327233 327245 326585 326587 342500 642315 1017673 3457268 170298 2070 2459449 267823 368129 353086 4707 2400941 197811 104764 353080 229785 1557089 720754 1465954 114938 2919186 9401 2768217 18994 18989 343071 333602 353102 90450 1087020 592949 140945 15263
24781 4564741 21333 378783 91905 150131 4468 119817 131533 5657 247503 5646 5248 386829 2279377 334100 2280665 1540633 3111236 495688 2967982 8243 411549 9449 243683 44007 235953 117265 1339347
193544 80222 82721 1665234 111928 1299109 83965 132368 23205 4321 1516716 6880 1236014 519864 129439 7185 121073 6944 344319 379707 607167 537047 510346 1236003 43802 396604 80177 789718 240414 95082 141965 43790 870217 1340573 612743 87655
3535417 554461 466483 327197 36684 260626 120773 235250 402631 1034514 340573 1494416 446628 288901 355271 329380 173589 226739 358461 230586 567612 562429 346762 578835 2261462 567547 3951131 510958 1096586 1164443 1102656 1085086 240929
1122 855 133677 133695 23369 93461 23359 434307 186559 147627 1063357 126102 126085 133375 126111 120680 89333 126077 134137 109708 110453 114116 93548 843518 3468835 3330449 89273 12584 1252896 587680 133434 133384 1118418 552733 91053 126109 23169 12417 1278142 134814 99514 27210
1497 4316 1161874 2103791 2004879 1994504 5974 7182 934032 2287848 791618 26019 867856 10891 11810 11666 19062 19041 4154280 3994191
2589516 19672 310299 366807 111338 20048 148314 440131 624430 741617 1822082 4425720 902481 20073 44253 67108 90830 24301 876528
84429 2259990 2250271 84437 1026358 2029904 173107 1306371 81017 7175 726983 115360 115374 4289209 890124 146626 1314004
373486 3621883 139044 766312 592355 986790 1984284 429454 936485 574257 942607 503469 956896 767667 162675 31572 2918323 1732 81085 460592 867470 113731 435663 1166349 1984305 131782 4635920 1126191 2109150 114784 219589 1984295 20884 44253 720695 1760934 78265 135024 1183127 314818 2267090 4120545 863386 71346 159894 637298 941765 2235691 4450475 533232 1380683 331873 140619 4061781 2555727
185190 679007 32569 391462 1435969 1568321 447364 1970379 644506 2721903 174069 623829 2712774 972773 488612 1435975 570017 32343 972230 408226 972276 615601 1086122 391819 391424 1986423 2433383 3408849 452504 156449 272828 391843 258108 1986472 1986380 3617786 145547 2386696 392072 545469 176403 291525 1529483 453096 2345366 391411 482459 391492 1986372 4242798 451735 795923 854038 1884818 617813 622361 569989 451714 2641109 969659 274011 523693 2722066 3626849 943460 1629340 972318 1017954 4581534 444681 575806 272951 1986397 618428 33285 145567 1400032 345755 450370 974532 44362 615741 391850 724930 882683 391814 166929 972129 1715204 1562623 4214308 4213496 581052 1018052 1582676 811680 444438 2604791 262142 645444 1986394 654962
802408 614491 1418742 132065 422710 1438516 126544 154582 2060087 306900 888736 573698 327545 307362 327760 364012 244355 17405 98204 802339 369353 209375 892921 2379384 327731 163391 5969 122876 469121 186002 1934057 6268 85261 21929 124780 802409 893556 2264824 548630 220243 803559 297822 624201 3237207 242668 805237 109464 590626 3429271 476154 1202759 1325979 590635 375383 953019 357381 634220 245961 802327 103099 1586679 3900277 1585235 150077 598183 1607553 918811 3315670
1254981 942247 2168287 809382 2164437 772201 940930 666143 848413 1118871 1935750 651714 1047123 736659 517269 1327948 1887689 456140 731660 1868688 1887684 354869 1306493 1866018 9695 989334 194107 970683 259775 968465 1928554 731814 12817 1323226 238749 3672001 281060 3021174 2163192 3162233 489288 945439 1376453 1877079 87366 305935 650939 1725629 767265 1974104 620587 589824 767262 687736 253498 2571046 954172 102180 308515 411971 1983727
2768789 43594 854371 421537 3000546 146929 22312 239367 2164583 78735 12230 12221 1490211 1767157 1767161 1767164 1767184 999490 93404 114993 12260 163799 24887 3250119 764061 3841843 12302 3841884 2044781 12271 12222 125094 23757
454639 287100 465138 3464352 2587633 2098149 170706 432239 3623242 984014 372139 1113555 1890386 508893 1598891 1307442 511956 3214289 277994 1103768 1345822 1493543 392680 1989756 358246 217178 2098168 560996 709429 511952 310951 791152 511954 1983327 346698 2211428 2482498 741670 928495 1248677 313098 4128574
133987 2390957 880053 1413192 2925744 1365 4241485 1333 2352 2196 33684 3615594 135396 3036750 4007 4636 1020777 5143 5288 5798 80358 6338 7767 2144759 7769 7793 1475915 741430 3431897 9484 10247 10390 6326 11531 12130 12699 12079 196874 927407 14485
873544 2091496 1140938 30371 3073433 30395 273523 209660 3640538 30908 254510 30386 3639419 3643452 3026419 3643432 229580 1198605 30365 314412 179584 3639860 4566176 30586 4271894 3644819 260105 2191847 3073629 3645974 30212 2669089 2623904 2692614 3983226 4612359 3639789 37213 3639485 3639766 895101 4201375 2176958
4355414 3591588 698965 947244 151019 325487 184711 3670947 1165886 133482 183627 1512162 1704442 3236731 325474 3479082 729138 1050152 1005233 2783722 3241278 1687796 80388 1455194 4471043 328213 290357 1348297 185093 4366725 2221541 1197675 3531934 1514286 1960368 330904 151009 1671049 1348696 279124 80805
1217250 859176 2204505 185159 487466 162469 1258418 108843 1512162 1512158 30103 155863 442573 558345 1784306 154983 1230599 465970 692960 872184 1005233 847927 326172 2461528 1453139 18158 1512485 1558080 445242 1466137 1435829 1275832 1185372 1687823 1051622 1465147 445687 311884 851813 475242 406999 1467745 1467787 883491 381214 502648 1686414 869303
28803 793108 89433 145215 102751 201857 102687 102796 331171 94830 129582 103020 102761 21075 21056 147176 2411054 997408 493733 88411 206519 122147 43170 303951 102757 493590 3002472 592667 393866 104154 890860
149 418962 336164 114575 266274 266275 647016 237344 335648 478283 467294 475827 33374 95783 110969 571795 93347 179741 441385 585114 14199 2372811 266270 268244 121575 383545 933820 401247 441145 379850 839683 44524 131735
3047300 3430021 2754865 121842 121768 121795 121749 1667554 634653 702489 1354409 3779583 1354420 186062 1354429 1048939 312846 441614 278007 125957 400524 1354464 114826 2142652 85021 964140 274072 1129174 195284 650937 1354466 1354455 1184467 2754940 1354465 1354451 3779531 222748 508184 577801 971254 2002973 387708 1839096 178143 942246 3359677 42813 492179 3183284 957319 1500502 1637606 1330397 120916 619015 2931501 449291 729407 3085963 1130401 434965 1137054 1502578 3683743 121531 443688 3564488 487586 1137082
28275 1789227 1216718 1743781 595059 156942 2677344 685748 3555233 27510 1433534 4164694 134902 353854 29228 29227 398536 46162 2926362 4460430 28259 28242 2603318 890339 1252539
93037 590172 306724 2695 4441188 80981 44185 814464 93091 6129 3977537 316048 94426 358603 121289 94165 83704 160326 32755 107431 311422 94772 66839 1724279 543047 173685 362931 194913 94881
559668 4243348 4121156 32244 85730 255191 207157 146230 2513490 288794 246 312864 235539 698749 1793976 501438 29025 2816005 3202599 371280 844298 541775 113743 408404 516636 602998 4193645 688397 915548 5624 898500 862765 1533258 89315 456711 1173821 1251890 1522681 1527862 516626 4193673 33236 541835 169537 204837 57330 113145 94322 915716 1820955 1581467 248711 465506 328000 38299 408665 170595 130235 251758 691108 2607151 1529823 80933 3440633 470220 113993 289624 142896 915524 2666356 123565 185376 43382 1005339 992559 1350315 88483 415302 898194 87960 1089263 1167269 1738295 1739514 261683 3501586 1724669 126756 106457 376086 86158 289621 288852
1754 2509 4188 5471 5496 1354261 7934 504533 28669 9115 8550 4185556 9660 10251 27781 11987 12550 12940 13800
17818 1457 93483 93037 1404 23817 1364182 2695 2679648 5100 80981 17559 44185 29909 90804 4635921 93044 5937 6327 45570 8143 2463072 43454 8636 93340 9653 13166 20375 23152
2004879 2826338 337959
2089081 1567838 724641 933910 2089082 355029 595352 1657905 4404461 2089211 255226 3739146 849673 4597786
2175126 925972 144710 7695 1024755 926142 3449649 782986 4594715 20055
2136032 285666 694590 604024 2975025
563900 31027 9506 931386 4441829 1252476 17810 4033882 1222807 3268433 106198 222705 89650 77836 942016 14296 4362841 2886325
1566809 3432192 97388 561972 542557 1363155 717095 587112 120865 3667715 401224 4141299 89666 200293 1170731 825184 1790729 783362 1513280 1635591 187824 173473 3432120 25260 495431 122553 3314955 2006971 4631749 3932466 677379 285354 119295 3101626 1086561 900372 3104961 2349082 943422 96397 3938768 301735 1523115 1183067 1564097 4589461 1983193 2578428 2896050 97960 983838 1989131 3359018 226726 3596137 1801661 1223022 1805502 369463 142725 842407 1578071 8129 3062600 46161 1167983 4391317 1769518 3812659 87631 871893 9101 490365 1817695 83127 2208821 3944096 1925607 2039379 664280 957250 713490 2045743 1777097 2004920 348008 840417 758291 1377876 96224 1289847 42665 2189000 1584245 265841 731931 1838566 3060339 3514233 91089 1230210 333902 268906 233565 1169024
1797440 343108 239828 368887 2712722 1747483 9168 116364
106573 3208383 854860 783731 2599816 2136865 1572884 1025172 1167049 228772 3799718 3369467 3404355 3453039 3463439 3359574 3672096 4564417 3800894 3463426 3463391 3453494 228777 2634806 3404374 1004917 2225630 275251 2268137 3351518 2368488 2189811 2136980 4261130 792060 4564421 297856 2258021 21261
563785 1788276 2574668 2208508 563992 1795488 2222193 1501965 1985869 1436954 317030 99693
782796 920078 884576 782838 365188 491518 337770 367338 122172 2381919 1383585 1460779 2400246 1220336
4569970 1976161 215528 2784340 215698 226703 222418 196014 219762 3216077 1646244 410112 283309 288646 3234130 483172 797089 383426 1895193 525461 3441309 3441295 3251027 3441579 3441567 3441549 3441548 3441619 3441639 3441673 3441684 3441695 350020 2883394 161242 3385821 4065413 367630 2394284 984025 1943492 2399850 1951729 1924345 1929733 32645 1929121 195433 269834 269843 269860 269865 269868 2886159 335205 2443898 3995436 1922422 1923396 606481 194832 269830 269840 194901 269850 269863 2874992 2588249 776691 221403 269852 269858 3365020 776735 219827 269842 269876 269862 269872 990827 4604200 244104 2799621 1586184 2321351 125133 401759 2654903 1221432 269786 339138 269802 357619 256627 288524 269784 357620 269805 269790 269803 357655 269797 288780 334629 3237244 269804 306882 269794 2268773 498935 3290145 287775 2653454 933562 2776528 933731 1155989 811914 288800 1894369 933734 2776613 352992 3037052 356608 2056578 2822637 1363696 636343 3232768 2122227 2205494 400824 286444 269875 1258146 365281 257342 212433 269866 2353188 205572 2454185 3243239 2723557 379104 1026420 1457136 2884156 2019218 277213 4265572 2797402 2731884 2390917 1814986 263841 166106 529016 3330311 1606982 165842 436595 3362787 96123 3352898 3353987 3354635 3356329 3357320 3358291 3359899 3991572 655185 505747 149446 3576481 190983 4510182 2942921 187081 1279603 775923 2158507 4051537 3369679 2092788 1522914 291629 460820 290445 159511 912126 4422880 257659 446388 257650 886359 188218 176231 446096 868548 3006867 234311 446385 159518 454907 502348 244736 464738 1963299 1866085 570250 3820771 3823017 3814954 456233 446049 641284 446057 464722 3821563 446078 315781 702350 464739 3813558 3794061 3793456 2884181 860356 3816710 3791858 216871 3808947 274274 581850 242848 337185 1209776 3756494 4314865 2177439 1689537 1101908 3236049 236334 149460 244671 879095 3280915 445412 1714075 659687 393749 2086556 1816030 157384 4105504 4105480 3125209 1047075 4326859 1992996 570598 402082 449222 215895 3593226 3593117 314452 3570413 3585667 277216 875113 1103060 270152 149706 194989 153296 2131027 2429980 915793 17471 11049 10804 10960 244498 3315691 211846 222087 11231 183016 3098740 442967 1125157 812524 2766654 90049 3441660 14075 2758919 1061230 1810356 198452 1173732 1129699 948947 94011 1270987 1270964 1270957 1270951 1270971 2177620 123145 3199916 3199938 4509004 164944 149450 1990398 1167115 1167065 1167061 96433 821316 1043820 201609 244598 1304454 287205
3387875 3083877 10129
338067 250116 204910 1628734 253272 479308 1324617 514104 205307 117155 200338 104593 3409230 394812 404847 355668 295649 200111 404833 2654516 1704654 404945 31609 668167 224486 272177 4271900 405064 404906 3804271 3684257 887720
476473 4020530 2662092 1585708 22064 22218
179244 3219465 5977 185405 3191107
2355202 2612141 1327704
2204352 530201 983835 139704 3084472 775279 1371388 4578 1676999 4168520 983841 746159 232773 293142 1957398 684000 114278 163973 1636112 983840 30213 127840 571704 1869874 32680 67478 467045 685285 983831 96715 579226 983848 371417 3136712 412613 983843
462672 672144 817308 913454 2872183 165478 3005270 874269 2820682 8959 825891 2894761 1439122 862613 1170623 227986 14681 3076614 1412268
4524971 3275178 3470492 4007781 1233784 1516474 4267231 1546520 4602291 3787117 632142 3133912 481933 154520 4064853 326716 4373104 3258415 1762683 2651557 3571219 1223987 4498512 747058 1073550 3885011 3864974 1424557 4034899 3703894 3510104 416612 407088 1798353 3387183 848297 748285 564795 767014 2763671 2843705 3276283 1430379 2297725 3304064 749001 1984647 3185890 3291317 317842 2906273 1413407 3995285 3756172 695780
2408147 165369 1149538 143435 3959203 164378 526467 572715
1345893 4206014 4041855 2262767 2758735 452167 3225673 1871829 544428 1460 2176983 1010531 194497 2738405 3103067 1738172 823467 3945996 1680666 2779351 3535474 2729588 3111591 2168366 2032499 1311409 2692266 3959439 2733725 40257 732886 1347118 2674121 2527579 3810045 3265264 2911940 172535 3406724 1507295 1814986 2004594 4564128 4355887 974453 1279405 710134 2649603 3555642 4632807 4020196 98955 387932 2519055 3395905 2268354 2441723 2355064 4540695 3440519 2720581 1998297 473803 487551 3620918 1771723 504502 1021978 3563811 1929197 1322640 4388341 1660178 1146154 1580886 1512500 464350 4581813 1981114 440425 79111 3035774 2648670 204085 1368726 3222637 4388137 3680660 770466 3076409 4484912 996869 2467220 351074 2263462 333980 2144706 4266461 2641171 1455112 2505939 3227438 211390 4230395 3303770 4635884 619643 3444895 1017643 2529117 3184295 1667116 3674246 3074010 2828609 499609 2644561 682045 1241532 3050233 4188760 655163 88725 1469136 343473 345357 3831244 266176 888866 3191992 4080739 4310385 3875802 4541059 2947404 474657 393780 2282918 3251178 4465097 2755365 3226674 826728 2272324 1076136 1077202 1917641 2087322 1639893 2872608
2300521 2101101 2924081 2912820 1880537 2770665 314274 4424945 388235 1430378 391930 3077658 1527213 3215587
1261821 9969
210616 1814834 853957 650843 1264568 34618 952400 2115777 211215 3602 2921081 4233835 2673188 2263067 124122 2514631 2591535 351420 403155
3418846 1364182 2202342 2797636 3775861 759153 124110 82974 2763741 20059 273388 147549 2853484 94165 140395 961755 360822 19904 2872594 162424 2711750
2925744 29909 1366436 608085 7841 270955 9484 187248 11728 41330 1293231 105482 3313305 90472
2034712 687883
8154 246552 4111291
3393947 2154695 36085
32886 4222132 2118430 41320 189431 5096 363884 777191 4210475 777141 38104 1473743 2237020 1760279 1619343 189450 189448 57476 1195667 57461 58995 57492 720189 189105 189444
157978
34287 2659709 337 343 1173 346 34409 435430 2407 1409288 34332 34520 2601954 133442 5792 17207 34932 35761 37083 8263 492324 3235253 35928 18192 204108
29152 913 390 129150 67366 99534 209868 139792
74590 184986 192141 25116
2464972 7549 238218 9910 15205
604571 3994629 687147 4481567 1136779 2802937 1977580 3294044 4160632 4192540 2989700 962413 3304570 80660 3930533 2275973 4108604
4635912 1373875 2645523 2244431 2071045 4564610 2650877 1389548 1400463 1282512 1406937 1321466 1371407 1805226 1272403 1398747 3063891 1394355 1230191 1275210 1275328 1275419 1276968 1277038 1282193 1277174 1281385 1280889 1279555 1279629 1279539 1281402 1344133 1271213 1291244 1379651 1291255 1291760 1304743 1304973 1312689 1312830 1312837 1312906 1319949 1320268 1319959 1321395 1321454 1321509 1321508 1321603 1321628 1321677 1321573 1324106 1324108 1324188 1324355 1324225 1324233 1324273 1324267 1351750 1324790 1324266 1410359 1324670 1324752 1326081 1326048 1743969 1327156 1121795 1326244 1036523 1282296 1327085 1327237 1327262 3941188 1327398 1328963 1329338 1328657 4635916 1330066 1327441 1340645 1330030 1330141 1341222 1344208 1765323 1398403 136397 1349910 1350038 1351578 1346010 1345604 1351714 1353301 1291792 1301484 1367637 1373453 1329304 1325944 1391859 1345840 1324529 1327102 1324219 1328614 1319965 1319945 985124 1382737 1385402 1409382 1415856 1398366 1409394 1339216 2645723 1403457 1344166 1340797 1409973 1408554 2241218 2646640 1409344 1409917 1347662 2754557 1409862 1366445 2645467 1410110 1394675 1328641 1399798 1383392 1328635 1345747 1051181 1404013 4270271 971600 2653605 1403164 1336039 1385450 1387259 1400479 1382723 1807493 1367668 1398688 1403646 1403301 1403252 1394876 1398447 1335246 1410157 1394874 1398419 2322756 1400390 1393021 1403951 1394384 1398421 2645759 1409236 2645843 1403258 1398705 1398653 1403617 1403678 2327735 1974737 1403338 1361314 1393024 3596055 1394780 1345881 1403987 1349868 1409228 1409267 1403606 1400381 881158 1403957 1394779 1398745 1719375 1272380 1409854 1348851 1409932 1345686 1411292 1412332 2650843 1955831 1403147 1398708 1394852 1404034 1394785 1409855 1410145 1382050 1398703 1359572 1394820 1403256 1400470 2886157 1391331 1411276 1410150 1410126 1403710 1386900 1409863 1398701 1409223 1403259 2645510 1398409 1409385 1403926 1403468 1337783 1403967 1398714 1403682 1398707 1410133 1393041 1361296 2947591 1403632 1394831 1398739 1282426 1403880 1282482 1398461 1403614 1404030 3194177 1597021 1575443 1403641 1409269 4345507 1403893 1403599 1412384 1400474 1403316 1412341 1398668 1403162 1403454 1409417 1409207 1403322 1403659 1341264 3846210 1398756 2650088 1409422 1393068 1398720 1410081 1403706 1400391 1386879 2509300 1403151 1389119 1403603 1404031 1410075 934197 1403890 1412342 1403309 1398446 1403471 1398761 1321482 1324175 1324238 1326110 1324434 1329272 1339587 1054982 126293 1327107 1398697 1371267 1409923 1409809 1403634 1406629 1403687 1394842 1394784 1409387 1389103 1403946 1400379 1398397 1400469 1403251 1403676 1403266 1403292 1403968 1409220 1409230 1409392 1398670 1403541 1415015 1403293 1409874 1398457 1409333 1398440 1409977 2650862 1411264 1403636 1410112 1410107 1389178 1398391 1410122 1403312 1409440 1394824 1400536 1398750 1394817 1403232 1400559 1403628 1398751 1409363 1398698 1404085 1403623 1403157 1409951 1403619 1411288 1403294 1400393 1410131 1403331 1408717 1409893 1403310 1389185 1409379 1403227 1404037 1409955 1409448 1403611 1385941 1409461 1410097 1409399 1403486 1409286 1411285 1404052 1403975 1404075 2789302 1031431 1385498 1409415 1739712 1400385 2391252 1333920 1389113 1398743 1400548 1398651 1387232 1394883 1057138 1381678 1405419 1398682 2442364 2418158 1403169 1409245 1398426 4507392 1409243 1394879 1409345 1403334 2400209 2645742 1409859 2925918 1398414 1403667 1409218 1409396 1394822 1974619 1403496 1337841 1403342 1393255 1668406 2236029 1400530 1400527 1400402 1404003 1409872 1404015 1409240 1409351 1409424 1398711 3036888 1403675 1379073 2724672 1411270 1385892 1394816 1404011 1403965 1403172 1393807 1387731 1400411 1400528 2650845 1398768 1403683 2571313 1409364 1761026 253791 1412064 2645465 1409247 1358182 1394868 2650864 1393061 1394819 1320262 2742351 1398728 1389108 1394877 1415031 2153673 1409246 1385928 1341640 2650838 1409833 1398757 3595030 1393286 2647824 3330053 4134457 1398733 1403475 1403991 1281367 1277219 1277220 1280254 1398399 1410144 1403677 1406511 2648059 4625607 1277015 1326394 1409835 4394693 1409453 1327128 1361628 2309484 1409831 4244040 1398395 1394875 1400442 1403489 1398754 1394893 2646508 1400433 1389132 1400532 1403306 1410152 1404042 1410151 1409852 1374930 1403908 1403704 1394821 4477401 2500600 1394863 1371121 2216872 1404006 566893 1410111 1403239 1386898 1361582 1409904 1404023 1409252 1403607 1410114 1404024 1389162 1415201 2648071 1395910 1295612 1355668 617192 1271485 1389181 2924478 1409263 1321378 1526695 1382671 1331653 1386894 1403544 1403945 1403732 1409343 1403920 1403254 1398699 1409211 1398679 1409213 1398660 1403910 1389105 1403313 1361031 1400466 1409259 1398738 1404027 1403261 1403455 1398644 1403332 1403929 1409807 1412333 1398737 1403307 1403152 1403942 1409266 1409359 1411281 1403901 1409879 1034959 1328621 1404064 1404061 1409428 1398723 1409368 1398764 1403966 1403626 1398453 1398690 1409943 1394887 1400554 1410096 1409940 1618520 1409876 1403718 1358895 2650867 1409921 1393453 1403624 1385422 1409235 1404049 1394221 2646518 1409463 1403336 1410086 2646493 1410138 1409464 1403176 2650839 1403177 1409971 1404094 1409858 1415018 1403720 1403691 1400480 2505099 1410161 1409964 1409931 1409449 1404053 1409402 1400386 1403661 1409406 1398652 1382658 1409249 1400540 1386931 1387254 1389176 1326442 3846452 1403643 2716367 1400378 1398725 1403145 1409388 1403996 1403226 1403205 1403711 1408141 1403474 3702163 2918366 1410047 1393455 2230129 3846347 3596025 1326205 1382541 1382630 1382525 1343857 1403543 1409926 1404055 1412328 1403927 1403970 1409458 1403930 1409226 1409842 1403696 3747273 1367717 1400407 2713647 2646509 1403916 3799784 1827047 1827088 1827109 1325641 1394404 1359755 1364287 1357233 1359660 1361263 1339018 1766785 1264922 1403602 1400488 1386889 1415024 1400478 1404090 2645434 1409930 2650823 1409919 1409929 3076820 1409241 1398639 1410135 1404039 1403347 1409407 1415005 1398684 1404009 1410095 2646492 1409954 1400562 1403325 2867021 1415010 1409369 2650878 1409427 1403295 1409968 1409830 1393458 1403305 1403296 1400397 1398689 1282233 1321655 1384344 1403686 1409922 339078 1398672 1324189 1324221 1829815 1324116 3846215 1083501 1361533 1386909 1403892 1403692 1400394 1403612 1389115 1330115 1403196 1392769 2647827 2381121 1403235 4058840 1394451 2650861 4635914 4243931 1403190 1327150 1403491 1347608 688534 1400489 1400429 1403969 1403895 1387267 1409215 1403983 1400497 1409812 1364782 1387277 1387261 2670097 1403302 1766833 1409495 1403192 1409452 1403345 1403210 2650854 1409942 1404017 1400486 1403639 1403915 1400401 1409916 1415021 1403315 1409367 1404087 1413757 1386926 1729290 1409897 1409349 1403958 1345575 1387243 1409909 3846429 1304769 1415020 1404063 2770215 1403155 1400389 2650090 1400516 1409983 1404048 1403652 1725782 1766021 1338086 517498 1411279 1038161 2223855 1977718 1386892 3083738 2794105 1409217 1403477 1373183 1271528 108544 1383676 1391485 1507472 1274522 1415012 1403911 1409902 1403482 1387272 1347617 2872535 1394345 1387260 1409221 1389157 1409896 4011504 1413868 1403165 1400499 3073725 1403728 1400492 1403947 1409393 1403171 1403725 1369897 3846424 1750556 1978239 1403928 1409965 3408819 1400438 1410093 1404077 1409350 1355117 1404079 1361287 1361224 1409281 1403724 1410045 1418776 1403311 1403637 2620135 1411275 1394247 1403904 1403615 1403988 2650849 1403473 1403900 1409212 1409423 1403618 2859769 1409405 1403321 1409282 1409253 1403700 1409357 1415186 1411813 1403715 1409960 1403212 1409914 1324302 1403308 1403350 1403166 2625774 2761333 1400493 1398674 1403304 1415016 2160780 4432760 1409891 567595 1400417 1398685 1398721 1398667 1415017 1410607 1403642 1403905 1403684 1392094 4276473 4276471 1404100 1339603 2645844 2933643 1861483 3227509 139644 1453111 1415001 1884648 2639433 1312750 1462846 2724682 1345562 1403481 1398716 4473047 4134459 2429457 1403740 2240493 4268776 1882571 3116004 3148875 1997846 1636112 2436867 1273002 1277162 1333717 1326137 4270092 1409825 1400521 1403224 1403225 1431945 1319983 1387248 1389104 2372538 4229680 1371327 4490068 1333483 1409838 1884617 1403971 1400490 1403959 1403961 1371240 1398452 3800318 1403220 1385424 1321593 2650103 1403985 1046578 1403739 2450398 2788254 1362585 1400533 1884364 1403620 1398380 1292895 1320304 2887870 2865895 1823329 1398406 2665975 1398423 1407294 1389173 1393421 1348559 1899315 1324336 1960122 1400421 1363094 2317144 279219 1333918 232807 1403914 1400515 2832961 1400468 1403319 4365852 1398376 1403731 1282335 2720469 3006001 1394853 1320235 1319992 1320010 2760739 1400473 119668 2865724 1807631 1271408 1403921 1026800 1398740 1325974 3796238 1403680 4242095 1423934 1978780 1372982 3598454 1393258 1398669 1403223 1409214 1324185 1034926 1403616 1409337 1409420 1398734 2650857 1404032 1403956 1409976 1403333 1357919 3958705 1403934 3833191 1321546 1382559 1409354 1403621 1403685 1417441 1403917 1404051 1400441 1403207 1404058 1382889 2853439 3536863 1403902 1398678 1403697 1398396 3599092 987509 1409439 1409390 1409873 1398389 1403601 1403973 1409839 1383500 1403328 1334374 1403495 1409865 1404026 1398692 1403320 1398735 1398387 1387229 1371404 1387234 1403163 1404074 1389144 1446761 1411259 1404038 1400529 1400547 1394870 1404068 1884656 1366427 1398666 1974690 1398642 1319933 816490 450349 3609127 1774431 1389112 1409338 1337790 1304758 1389156 1565045 1409403 1326004 3846301 1394881 1409953 1398727 1403698 1403300 2650851 1409864 1324510
390 1528300 978141 379245 130085 2464183 2527953 987155 978169 981747 707541 753149 172363 1208725 7239 465969 378673 132942 172856 1270815 2397010 2517061 1609850 2593408 4362681 1816365 1040865 1874238 516105 13398 4561861 4135421 3277993 12826 1025578 95715 2649428 260341 2595449
670849 1981820 7023 459947 378313 1343180 1000718
1908 285736 340414 109599 124249 285741 285738 159753 285066 159028
247684 2774572 85595 2262917
907 9603 921488
799585 1682589 784093
127785 4405037 9684 280557
1330 643088 121105 4625419 4619673 155636 2054550 2847443 3372709 925595 207927
1404083 610575 3734245 3734246 667166 3734253 3734247 3734238 1089648 189976 757491 2782482 3734268 3734250 15171 929856
591596 618777 1068402 6953 617110 4635885 272298 2056434
4386966 2033628 3507058 164007 721466 810299 35018 143073 2073150 1828876 131868 3088 124459 672184 671994 158796 271460 1371351 2806279 91323 170854 166442 310900 337904 1670816 143965 419393 1478150 545266 1421277 914523 357240 115576 80385 25989 109535 2299456 1404311 2344471 1285866 1438468 26610 1890844 923873 632761 207149 9795 1263633 2146818 11057 2189787 1947300 297091 216518 352836 13205 2705738 1354118 302581 452112 13543 13499 3010538 3010562 3185442 1028865 3010548 285691 746762 22968 14731 1561723 2867049 185935 128715
4165294 2590932 2928990 3238 1896907 1407931 1353041 7267 633104 3926643 569102 2162260 2360512
738016 675957 311797 922940 922934 1470994 20659 572093 3198342 233112 2034451 413436 367223 922932 1837188 2497893 358008 174754 115284 2801312 152305 437204 334805 979879 515114 439091 33205 441402 675923 3529117 705006 71218 334811
34980
484086 100906
41143 29118 41128 41122 1722248 41081 265347 156346 44612 8953 883755 1261342 1058634 1060573 958894 1056341 282460 879582 1262731 421509 1056335 1056488 1056490 1056516 1056502 571093 1056529 488744 1056358 553526 287886 1056636 2469646 41103 41072 41071 2342715 1655328
393391 2012851 2012164 100537 4531718 27724 4531624 418239 3462823 2012172 1724676 2012230 2176495 1350933 1041643 2083751 2156856 3815088 419588 1100224 440270 1045993 2090959 1147566 3468689 2012224 1975820 2496640 3330587 2083726 718307 165766 2012257 2177013 845639 2011041 2090160
1068352 1250 4436163 458916 2330186 4535 3364325 13063 80076 213389 361924 242791
1207097 2153547 2486514
831229 31209 3542136 1933578
22589 22577 9484
2321238 362420 1277954 4025 412358 3556578 3556598 1233712 158770 42926
4292623 4125223 1337855 536578 120440
4362457 220356 3251090 1866675 141447 1184206 97210 1751722 1453776 97234 186215 1184267 2580076
99998 4547208
267875 22523 1200107 4028 1298904
81 912304 2716735 783334 158997 369691 1749123 3825997 599073 48705
30147 84765 2367 2282829 438903 17916 18030 10461 1907220 2082435 27875 442546
2420 26804 2371 3010622 4226329 168836 1561316 1901280 1534503 2742461 2653267 2131006
2723 1247900 95872 2189180 9498 11589
2202336 4635899 2925744 950937 4096575 1358 2227 1020777 22887 1203540 5288 3514607 6320 6338 6806 828771 793833 10568 2807281 6326 13408 12699 2065415 1494840 14485 720582 14733 100527
43664
83858 2713705 32734 32303 3060360 682977 1378994 859450 3885119 227699 3060347 14966
26191 26210 24498 958328 679 26127 26197 26128 26160 31356 26140 24527 26164 2723 2922 21026 278689 26139 26187 26176 26173 26152 26295 26281 535407 542783 26301 2580409 22959 26311 26286 26300 27733 124111 9734 26294 24044 25949 147501 26437 11581 26484 14207 26535 15487 26517
1087472 64017 1288145 63471 1417515 63633 1105001 30462 63932
3186275
1249245 315403 1568455 2464973 42004 3751226 8919 1060867 15114
43676 1688710 304097 2035255 455416 600113 222705 442378 144991 552373 222386 1818644
196671 4561391 123043 84242 472229
371454 424363 2845628 77963 4433175 105108 859829 1280523 352648 2455307 2832292 606869 3577945 363390 3971993 2845600 2845603 2801399 1525386 809865 267875 606975 399248 2469185 1383050 4546030 39795 2022257 888087 1581202 241291 4347432 889626 494142 920396 3933918 286795 3599828 3559612 79118 3936306 2755958 766999 95514 605866 5412 1298911 22425 679169 898334 888058 657466 2247855 143696 671747 948743 359501 516164 889480 83261 888038 497516 888059 2945176 4481965 1875945 834642 493946 3486911 610663 4456884 3065880 177970 2055143 611709 4469865 869464 920318 152460 9107 3645908 152483 920350 228059 4552475 473909 31070 844453 422031 920405 3972158 531115 1843215 859769 846648 3682321 3246419 4365100 189834 3776822 920411 485607 2096627 86556 1493102 572066 609791 3881462 2265233 1473794 3741403 626634 898356 2405516 860847 866354 161569 606112 4552426 32505 128454 2574697 1271395 2336643 79215 482348 849361 194524 112366 920379 604948 27926 124621 38942 1339929 1031862 490160 336519 726377 2801355 94068 849031 631472 360435 178466 491083 3798812 2974764 3809101 2231413 920439 2939257 859868 3963936 3738906 3742885 879019 3841531 192092 477471 859850
2513698 436247 1365 486111 2296 1549776 33684 2204173 7841 7793 8569 1007028 1849047 28637 2350580 238531 93615 9484 1984192 927407 14485
2851727 3238543 273724
31568 288758 2563937 567160 9921
792315 3558828 2196 361194 588410 362247 723515
1365 2678268 650760 2352 2871300 3036750 369060 4076 24989 4030 94788 4636 5288 1280366 2429923 6338 1802499 687370 3990165 492557 7793 1475915 1367658 9484 687382 10390 6326 306201 12699 12079 1086310 1497609
94828 231311 1365 1376 221400 2163 29652 2229307 4010 4645 268900 2204173 494892 964270 234489 238547 900793 1321451 341181 934806 134222 7793 268883 9484 911002 9589 405364 10250 1129814 142488 11589 12426 12473 12094 150193 14745 15372 15398
234665 89306
26131 1998807 8637 11564 2304395 26161
4334951 22954 166914 21941 762 835294
2000131 214016 3354380 194366 512499 77750 348455 2894208 592136 2235637 13155
3033259 2525028 2405829 851446 2580108 1346938 4579270 2324207 2512728 3033212 1081470 905513 4503231 2525504 2326172 2328053 2404310 2524999 2654607 2521599 2525530 1567898 2323645 1268134 2525129 3033233 1021744 2523296 2740225 2340395 2324604 3491683 1002515 2326416 2322745 1578312 1475745 2524771 2492928 34778 2527961 2525041 2326382 817396 3193916 817348 2527684 904800 1374892 3216208 2105995 1541636 2507110 2398631 907257 773726 1239109 3210961 2738211 2290892 2918132 2764086 2517371 907096 2399248 2728628 2525172 2336295 2517519 2527767 36406 4548916 1333461 1832815 3401666 2350472 3041564 2545261 3420204 3236246 1323080 2340469 3236323 2323826 3703492 2512721 476761 1086746 2512041 967197 816086 2809841 904859 1239107 3593913 2526253 904812 2518679 1267777 4299574 2386473 4533440 3531520 2512708 2335118 2583457 2523219 2294229 2573218 286824 2514656 1269451 2512212 2525020 3210982 2524791 2164217 907199 1985056 3907934 3610142 2524782 2398746 817480 904828 817378 2405919 2525515 3213710 2523101 2524871 2523213 3216223 1979867 2517468 3908050 1797248 1977147 1373107 4583739 1793339 2342394 4251089 2512044 817395 1776061 2568328 2526763 817459 2398636 2512226 2524886 4540848 3639963 2343004 2294250 2517391 1374786 1475730 2584591 2525165 3367190 2625913 3756491 4500008 3033195 2602054 2517368 1374799 2562439 3235115 2527773 2294271 2398649 2525003 2681550 3213660 2104265 1682578 3945939 2511498 2526439 1002445 4384232 2334865 2321992 4604879 2511494 1346981 3210974 2829904 2333845 4635903 3659877 2525234 2290943 907266 1570696 817435 2526589 2523255 3219898 2321495 1010794 1246291 2386310 2482468 2517446 2322673 2346594 2506313 2525209 3938268 964586 2295060 907200 2523250 2322646 2398672 2523277 2512040 2511826 2523896 1374699 2421056 2069870 2525142 2512652 2295399 2521604 1239147 1240563 2296407 1240416 544352 2327958 905478 2291024 4539175 2333972 2744599 3235538 3941096 2523908 1002421 2512666 3947959 2139098 3213714 3661963 2512081 2500990 3165353 2522152 2343544 2523901 2511942 2233630 2523032 2526388 907195 4379821 2548943 2517471 1240411 3153752 1304034 660631 4533563 2748847 35820 2527056 1687755 1115470 1267849 3033323 1002431 816054 2498628 4284534 3605205 2523938 2341814 2512208 2928967 2512671 2512788 2916806 2322030 1010561 2538774 2526423 2523934 4270267 2511521 2106023 1323081 2324558 842591 1781374 2517847 3033234 2431503 2511501 2523080 2332099 1266782 2525100 2295230 2331899 2525026 2522171 445386 2528154 1374879 4604506 1375885 4377401 1535344 2526446 2588132 1240589 1374708 2291062 2340440 2333697 4493911 3221732 2523089 2599747 2363490 1224482 2322382 2553366 904897 2525030 2581392 2560659 2525063 2402014 2331865 2517386 2517376 2517450 3981331 771981 3935524 1996203 904862 1373078 1474861 1252336 2517443 1266826 3420475 817327 4379802 3405207 4230945 1983894 1906784 4165686 2297546 2719364 501450 817312 1374333 3144957 817412 2526624 851510 2333999 2125521 1266927 2341950 1671101 2526853 2331769 3369893 3134948 3144892 2402000 904807 1475953 2297633 1268152 817346 2295225 4599205 1373206 3445438 3945957 2520382 3032888 4539261 3343147 1474854 1013135 2295275 2493792 3032880 1373278 2524991 3033335 1548459 3531556 3033347 1346929 2523044 2523067 2523091 1052970 2321799 1162221 3982969 2370393 3360588 2290909 2262442 1021823 2013981 2511493 2554336 816044 2294273 1268206 1239199 2683915 1161092 4540890 2512750 2512227 1604463 3544300 2713177 2418784 2291041 2336443 2296496 1239180 2290918 3219857 2512752 2164782 2332843 817205 2527064 286869 2527918 2160968 904916 2527915 2321824 1778904 286876 2527647 1985168 2522238 2295126 2515074 1781419 1983982 2553512 2333909 2346648 1021766 524991 1996979 4590634 2539061 3781639 3134236 3711706 2118381 1286704 1018834 3924498 1705476 905508 2181060 4539135 1593806 3585286 2512008 1474847 3210944 1018844 1088543 1906703 1088596 2570096 2321859 1268079 1266635 286827 2000146 2573109 537756 1181233 3233691 2539266 907258 4494613 2907003 2241367 1539593 1321511 1013061 4024640 3986835 4053922 1406501 907210 3367808 3685569 3234064 3071124 2539756 2523011 1020977 2326008 3464196 907275 2880550 1781119 2512649 4017620 3703480 3213696 3610064 2512018 2583325 2321967 1545499 120922 2564386 3686698 2574906 4249535 544486 904872 2511839 3024930 539703 2528000 2916813 1570776 2341848 3213688 2336338 905511 904804 2735810 2736955 1570752 2545702 2738060 2511927 3236254 2590582 2241457 2705460 1373428 2138763 1321554 2512664 2523920 2655623 3610062 258167 3967309 904931 2287552 3216215 907227 2525011 2728655 1267910 2295366 1012979 2386646 2682468 735769 2386404 4540856 4554573 2333610 907226 3028975 2267015 1906851 1088523 35812 2527791 547565 2287661 2512781 3460427 3538300 2327349 2539206 3237192 2764105 1092281 134854 1995617 2584589 816006 3221708 1013039 3240315 35256 1204040 2481272 286899 2566505 2405820 2327423 124836 4171396 1272611 258155 1081444 2391570 817406 4548908 1306200 701279 478596 1983847 35067 2371374 78560 1799354 4539209 3563108 3804138 539790 4214000 126817 3057014 2520600 36449 1269369 34888 2527843 4381262 1240421 4381272 2333686 3460517 2591566 1906752 2141374 2903513 817226 1781532 2659007 2399202 2249016 2294221 4384955 2294243 1246270 2928993 2418320 2106031 2710280 1234936 533366 2527673 2525138 1996318 4302361 4384645 986336 1321459 827953 2523892 2296433 817289 3951522 2576737 2291057 842577 1240581 2497692 2523961 815986 2578735 2295147 3457488 2933404 4384790 2581306 2581347 1427705 3221734 2232271 2929006 2287644 2527939 3033222 2322501 4006704 3210994 2105885 2289700 2602081 4542176 1022192 2518015 1240483 1021735 2929440 907191 2386524 1588717 113462 3446076 4548918 2527865 4381330 2295238 3978127 3422030 2523075 34787 1984014 2619022 904878 2981638 817333 1266604 907278 1321491 2710212 2710199 2346678 817479 2512209 2290922 2523029 817379 1798124 905499 3234204 2527806 3540383 1267771 2517380 2581432 2434309 1012073 2297554 2505137 1797003 907088 2290964 1021852 1682138 1578386 4212826 1570720 2331810 842599 547589 2279217 4635897 2521616 2525035 2512765 2521744 1781396 3219885 3219862 904459 2523162 3187683 1373080 3213727 2333651 904469 2522172 2681784 2528251 2525118 4538986 851464 2398730 2512016 2289719 2538689 2522167 2522173 816042 1570511 2528152 2233757 3586185 1474884 2297584 817358 2602362 3367443 3938178 1475735 3937955 580188 2744696 1705465 3344258 2297714 3563069 2234559 1240440 1373383 4331312 3988480 4361495 728499 2528162 2511506 4350332 1906845 3698037 1796948 1455126 1545468 2618824 2320963 2295239 2289711 904863 2289753 2525084 3344118 286858 4549732 2144885 2140314 3213670 2583319 1321455 533343 1353261 4354289 2539144 1088506 2109201 2268434 817296 904809 1576971 3739137 2296481 817394 3605170 817442
856889 417764 10517 571119 111313 541967 4626249 4626309 80186 217915 134222 2467332 198791 269117 419308 354225 268986 14317 4626248
1112847 446591 146118 1555919 1084997 1555936 24222 2235776 123478 181327 233344 25369 689934 18257 1886615 237298 676852 3105160 3981966 266104 12012
2085321 3839441 2659680 2448539 2114582 3273444 3052885 3182769 714888 1514338 124727 2626544 1914750 22581 1522875 1302 467888 995427
4277999 899903 847225 905256 162762 147720 327641 145207 145745 338783 375205 933787 267925 835820 926142 146531 899160 3341342 895891 923664 859664 923417 944558 3064494 428058 941009 4277493
3834172 2466493 4209044 4193084 2827475 3806899 1603693 2453032 426 795560 3748117 3237843 3618169 2762515 3111639 4080240 2132411 4240400 2855761 3373919 3252442 4475246 2728000 4036688 896979 4232110 1459254 1040483 3011414 2204294 3230649 3789924 3891579 2423036 4134794 2246826 2701579 548703 872641 1435211 1704755 2298051 4303081 1030229 1758626 2775891 184089 3457484 4436916 502580 3464400 3805700 2171084 2907046 1005583 3843300 548564 1186854 2527694 3625199 4485682 1770463 2986622 3443944 2942572 487778 2590712 3216368 3274456 4100119 3227852 1244165 1008226 4167628 4225311 3995444 2682453 1497856 4482771 3246786 3225763 907796 2177810 337166 2461977 790666 2687789 287784 4303045 3197186 1587072 3148584 2527765 4601443 3793673 3995255 3250702 1985646 3654539 280928 4009181 1249207 3019820 725206 1044947 3374025 2700279 2178065 3701479 2505897 170455 2310508 4271945 1735880 4337850 377569 2654530 2098938 243612 3841818 2711562 2867602 2704725 3265022 2439155 1024295 2627047 2540623 2995786 3488032 4365059 1030117 836775 4205977 3731550 337632 2179297 1097292 1335186 964444 922368 2590254 2189721 3706896 3934909 3952811 3854700 3802529 2604487 838447 4009148 798977 879638 3064351 2725725 2260730 437777 1006395 3437969 471447 1038802 2185718 4509321 319040 1675609 2485816 93531 2960238 2770193 4297459 4444963 1758898 2012507 645397 2981971 1456873 3717952 530372 386155 2050000 3008383 3081143 1752890 398278 2661899 3320543 2708383 3374053 1211934 698794 1432189 2196891 3265716 4122744 4007017 3884065 2897247 2893951 3039255 790195 4602144 3361478 587926 2242322 2357788 2481621 4097591 3825112 1306378 3362294 3398496 2380238 965660 4094014 3501693 3235104 3065495 1116773 2805414 4257363 3064877 1448461 1601639 3776019 3618984 2074522 4215136 1244184 4061491 2612105 2823671 3353247 1993137 3875726 2343595 1038844 3305001 416180 2085314 3762029 4138567 3923557 4134051 3876383 2031616 1159907 2785546 2604852 1041987 4042255 436351 4485113 224913 3327146 477338 4019215 2407113 477290 1323717 2732616 1917041 2986702 3350144 2410276 2743997 2823262 4283970 3222271 3843386 3990264 4440815 3826117 3133159 288170 2479999 3321244 545711 3923740 1930546 2424025 1174295 2298495 2251990 2617682 3338600 970225 2147618 4168372 1658888 2735683 1063793 3037721 4608073 333179 752920 3490933 4561823 3148813 1977812 2089658 143222 3135670 3183024 4188760 3957890 3351260 4329237 3997385 4090403 3992929 908103 4238767 4091874 1533391 4456605 4634562 2223852 4602588 2275731 2784521 1977689 4053966 2404951 3379004 1931779 1911799 1030166 4310738 745372 1047167 3772257 4596213 3199847 4276364 3361509 4242381 3797210 1028020 3334641 3680777 3726313 2727952 4440321 1030146 3673984 1626642 3214741 3413586 1090660 2386645 2505947 1664203 3299550 1040449 638183 3286838 2249471 3251488 1795858 2652709 2391719 2023987 1808731 3981474 1144531 4591461 4555180 224903 2595600 773605 4473401 2652206 4089035 2010813 880839 95991 3705032 2995084 4075550 3852680 712949 2951264 2573005
2114300 45657
1469492 2820881 2820887 488493 316381 720781 2901659 4372326 1406560 531499 507040 162861 1286493 493784 315280 953776 975424 37787 2782529 285026 646889 387394 147541 965847 3999141 212921 117693 1419787 579682 281058 1052121 707156 199223 3692359 1122293 234041 1384881 198964 2429978 265031 760919 551006 285308 1847522 2321866 1539127 2586338 1389739 790374 364420 25821 519870 4026548 902625 587557 567839 2973847 169564 142256 84308 305573 1696961 145943 105321 364579 1413753 20141 1797300 213540 111805 1326428 166670 322474 962483 2894559 544057 850880 256495 226535 906717 261374 2828434 900261 2394338 189051 106033 1926188 1229622 864675 300919 160309 1353870 176218 559133 110798 9023 1010173 2950088 198606 198610 176705 278741 450146 1414816 183301 1868313 2478539 489981 527537 659625 1518649 571851 162973 1547583 11343 128054 929981 3419906 651532 267702 3236232 616235 13363 380544 199155 687859 2765411 196824 2651652 398522 143989 465444 1104364 1993320 4461127 178022 300832 490683 2640700 827000 255656 2372924 2950939 128058 278091 1705966 856129 227092 3234209 969130 322340 493768 797976
2410357 3939 1592390 2971992 1597435 434966 1479382 238614 265062 990656 3731488 113459 3198561 3888003 2162800 1096921 127872 2444381 401285
81 1234 1236 195002 1218213 1497 3414 2423909 4316 5059 2270229 5974 718077 5583 924926 5797 718670 244406 6101 462091 19074 2271097 7315 7300 7744 7182 1442275 934032 7606 2270670 2287848 1505869 236442 3719542 204086 26019 9669 2270844 10891 11810 11666 2270349 14212 14664 4096464 90950 15136 15542 15591 15589 15225 2270072
326170 2222238 2287848 142137
1964 709942 2038884 3877324 919014 1137322 30406 251410 269329 292904 3021629 4635892 194787 4591849 3453589 4077066 151000 804887
896040 862399 914047 859525 914023 879196 874404 913667 903593 914845 919404 1350739 227760 897680 877782 854473 918537 919377 882599 1464659 868773 34200 855215 3952406 893121 860514
1193873 1410268 2634575 2840007 489688
3863367 2397496 1760610 3248803 2066011 3219880 2482567 1614022 1215509 2748266 440864 84912 79432 2795627 2041327 2608004 301680 2442927 2656518 417274 1297022 3893547 971345 3060007 1470432 2092994 1349591 1557258 3786601 1439099 1356856 1576904 1548672 1632666 1853507 3891796 819890 2362850 2216169 2428427 858717 2364480 1918171 4423491 2359584 1323457 271800 1493965 1106977 2598077 267282 2982695 2486958 2880965 4123509 567710 2994221 2193268 3402225 506221 3808487 143623 3861428 488515 2354216 3126339 420442 2728012 2497652 4511574 1167117 528454 1239944 2476136 450728 2644029 326800 1298181 913309 2487817 992469 1379740 1683750 2493452 2734147 2500290 2398516 1088895 2271290 545908 2660828 3510232 4635917 499489 1731258 1514409 1633611 1950980 3076461 610092 2060039 1800823 3937629 1355627 2009066 1517626 774229 2048250 3738487 2408881 1056673 577773 1604349 1789142 3874956 1564728 2193230 1092889 1572829 1561185 1027998 386645 3040882 4204318 347670 4581085 1533416 587280 1053997 1725670 407436 2374080 209320 1431577 705224 1774975 2859963 1433422 2776953 2376022 2745034 1558917 478771 1491256 2071933 1861109 1794893 3233309 1298148 2463456 3036738 1351933 908300 350912 279674 1267201 2657098 88019 1779638 593782 1870408 2266410 833150 3855026 2890834 2369941 1163818 2483529 1464411 2059665 2467074 2943752 3995199 4210568 2607598 317689 721417 1412522 3908014 1410866 762359 2421304 2264344 2911727 4072758 237996 1537451 2531361 2987786 1740458 320863 404913 7182 44597 1110046 1691649 1017220 335272 1279871 3491842 1014853 519724 132823 1295128 1848832 988523 792800 78266 1758759 1099676 1369973 3421008 958081 3103706 1518496 3167378 4608517 1198852 1438651 3855333 1249911 3784931 2161933 1882207 3022776 1337731 864831 1929715 1497011 92090 449392 388176 2851113 4051830 4368953 2663149 2064918 196795 1297982 1504473 2974417 2290852 2807168 826729 3311269 2307049 2168490 96997 330576 1158259 1533352 1752479 853653 1660814 1960667 1600303 1600219 3847881 2948626 607811 1377443 1405327 2329245 1602808 3179148 1727118 2406988 1713903 867404 3491098 3863486 3081702 3188742 2361872 2604247 740353 1773052 1545508 3959714 3908158 3356787 2143537 4064541 1166843 2679391 1576392 4448413 2692142 2920088 887914 2183292 2974975 2091943 3425124 2670586 1597587 347452 294718 4398753 982006 2366343 4126523 350915 899487 3664981 2699830 1355571 2480989 816308 3450736 364196 566271 2023955 1426508 133639 2407772 434537 311268 687546 3520916 292121 3058279 3071693 1209927 1052777 2429473 1264923 3651721 3784409 1697613 3857223 1077321 80350 2345836 1460556 97960 3741108 1576434 1027028 3496086 1843668 611412 1924558 136772 2671030 2598488 628556 1689697 2996433 4158150 1728192 1505369 4343715 1533703 1711528 2161017 1873770 857108 653006 1902012 1781315 4160429 2598180 43083 2269317 2446499 2604586 2355131 2078235 340680 1849483 2578637 2859690 3122166 881664 400951 1244494 3312104 4103321 2196377 1145299 3175043 350229 3981242 1293399 2853802 3039756 1035477 4096647 2868025 184799 2053878 1634235 2671857 545945 2010555 4127007 222815 1524469 3374560 4587967 2595567 2755667 3229112 2319665 2775760 4298209 1477807 1623601 918313 767800 1492622 4019054 2073595 3113817 3343969 472732 3029117 1021138 702511 3923967 1730058 2472776 1528340 1038499 1512886 1756838 435570 1246585 1577006 3283079 4143397 1460131 1425999 755906 1808457 2769832 785882 4301352 1570005 3545806 2842997 541929 1142061 3201399 4098062 207320 4223710 465965 1346034 1051526 2168606 831900 1404022 1179356 1889888 1545545 4175766 2591641 2050329 2850008 2023548 2035288 4288231 207309 169384 1268285 2197029 529157 409234 3079249 1408404 2869905 3808594 3548208 2233562 4527966 2920869 1068910 1554392 1364985 2168470 2859748 1682391 1562071 481061 2130280 3720208 2897583 3548211 2360899 3290883 1689155 3532450 109721 3158650 3635313 1585046 450874 3417635 937254 2245663 1197830 2692311 2336249 2875329 3495782 1620589 2588067 653004 3311734 1716534 1600707 3700570 870478 3742540 2775708 1346039 683577 1574220 2168416 546719 512189 3161984 531410 3605139 1646554 1736647 3784218 1991273 1498616 2263902 232779 2366302 3300900 2675038 1788840 1906554 3709425 1248186 1176265 746560 3027550 1405284 4403799 2102566 1643155 2842009 290834 3297270 224511 1661186 1990775 252998 3920274 3853160 2372564 3798447 1689264 2191710 2040437 610118 975888 3092999 2428702 2558456 356099 1765274 326010 2477533 1437300 2677947 1334990 2186752 2390405 969706 1268902 1429653 3223372 2575538 4337322 117078 997619 2543899 3502988 3779296 1756940 1193024 3242156 167228 3786618 3632591 1735421 1923038 791985 1508645 3813645 2735309 3072070 2448555 1764542 2946749 1433613 1899843 3622590 1958471 4278627 2765453 1896667 2507713 2535160 1105066 3186184 2010249 4220079 3393967 164666 1859878 2193272 3883348 350895 2307556 554808 3411606 2072472 3543858 1744857 1365108 1351400 4339389 3300322 1265233 2592434 4010814 902142 2007848 3110912 136545 2717608 461251 2399199 615410 442286 792395 1648088 217281 2082312 840376 1931480 2703450 1591271 3022196 1053365 2178236 1985597 2145108 4591806 478516 4461343 2506540 2001744 4064405 997209 3688705 512975 251568 1748230 2135058 3389559 2899250 3996411 1089442 4248533 1166755 807147 1551475 4289253 4264581 2029896 4435565 1291145 2319725 3692534 3692531 2355984 2176157 2109839 1820674 4101351 269592 1587599 2574891 1730389 3399830 2849566 3217517 2495443 1748284 152808 3434049 4419766 152648 532747 277554 982305 3928886 3058266 668398 3303922 975047 673843 4416221 1298068 140531 1746931 3245466 929004 3952605 1336318 1653191 1403141 3081740 121343 4508064 469208 3448171 1780696 2835672 1316902 2419533 1130544 2555219 1510351 2623300 1739879 2320618 1345880 2748906 352336 1899288 3421281 2114174 880904 720613 1819612 669416 4377883 3350590 1994621 791803 1302470 2852357 3102693 1130720 649237 3930567 3512178 470428 819426 1352511 1871247 3057221 604200 3826862 3509158 1975180 4100180 4379080 2204546 1604656 3149472 1524429 1581429 1309833 487562 4354344 2083305 1826148 920364 1858492 1329552 3786190 3495457 1119358 1345557 4227778 945889 3941426 2548250 4094094 2416552 2674576 2753457 3181107 4153683 4013858 1947549 1871738 1471641 2004908 1154079 2354383 623387 2016664 3454940 468467 2154772 3962888 4588012 1556453 3786197 2692090 3950292 1501625 1146535 2359324 3313566 594524 3209703 2090851 2027070 2409737 4249081 3297512 832503 1619342 2041338 1773555 4318612 3031662 3802983 2746654 3211742 2714572 1290385 3056197 775186 4271391 309477 3368397 1832595 1174630 1164207 1689439 2698695 1290912 1875404 3786206 3920229 1500492 258379 2469127 3829165 1313337 2897460 394423 3111814 204134 331910 1789648 2720755 3588332 1595115 1188217 1993055 3213079 1993280 2689348 3841775 2643062 330880 3648232 2474313 2689420 1767564 2262534 1764490 3116281 730816 2756124 2406932 2123029 1141187 1011376 1253396 1179668 2907098 2012461 781762 595127 4027237 2696415 645473 2692151 506423 923500 2077756 989530 4397079 1577809 2168397 3919677 372388 4077802 2160296 2714150 3828922 1948159 2333277 1299072 3770443 357942 3456158 2028218 3300207 2852574 2648663 3618202 4362127 2353868 1671046 3756538 1063890 3061829 1069193 4379764 3864412 3549335 311046 821743 3786637 3180088 372334 1911918 1356760 1708759 1364980 2567979 2956259 3339169 1867104 245771 3738264 1869207 4073156 1855823 753463 2260049 2363774 4064663 3964564 4250778 500345 3149640 3651943 3661809 803560 654228 474266 1132589 704762 803173 1624010 2152087 4232895 1242520 4225047 2372194 3652784 2360129 2085476 1821010 1373352 2005922 1705114 3456060 1173433 2162501 121108 2604841 3842298 1769994 2168436 2316184 2463924 4206402 1156886 1024677 3925295 2403647 2130713 4103062 1259667 844344 2966152 545557 3265286 1933228 900361 2537876 1438491 1884507 44316 1923306 3030146 594500 713600 957022 1226290 1817763 1400437 1994848 1394606 1993485 1965385 1079892 2209525 1068987 3179992 1750109 549461 1297937 1205418 1684886 1121610 1632837 1503904 2664457 2931124 191077 3808960 535984 2654802 3172470 2004372 620459 4527478 1200101 3977491 3277553 2507414 2946633 3683750 1161606 4518781 338949 315237 1921110 572931 3238002 2999336 2249538 2792990 2824148 3850241 1538263 569858 452519 810441 437075 1808445 2398406 1452491 2540933 350901 86725 125435 3361697 2005962 1562840 767203 2690547 610263 1023019 2125769 2982018 342097 639186 2300417 2365055 2509693 1524227 2565193 1637885 2034182 3146612 2716621 816922 1888741 39810 2538179 3682816 3652274 2188267 258643 2732996 1119333 3270039 1649145 1827692 1089183 2628665 564208 3703619 1570682 1295527 191949 112780 3169546 272267 474262 1486508 918284 1083442 2376594 3307280 3030261 2866203 2380204 1725648 491550 2359777 3708936 4187146 2844808 136634 2551771 2465945 2466264 2649935 2412821 1242037 1870574 509625 3743147 2717378 1301280 1729423 1964107 827985 897248 2192330 1830730 973871 273412 976399 1128076 17250 228038 551291 3165266 1863305 3337758 1694486 4043361 1404546 3203968 1446558 4436443 3940447 769595 2498058 1497099 742853 2643456 1437204 1311125 2650230 579376 1878883 553601 3331627 2146812 4635904 3127967 3485788 2646478 1976897 1489296 1509059 156757 1661241 154596 2647574 1107357 2679171 405612 1268091 4278115 38060 3717496 548431 2678334 867145 388560 2371488 992435 1405335 1543765 4228907 1040269 2747914 2284168 3261033 4114848 3900677 3437938 1876637 2024103 1769479 3493622 1198691 368854 1802101 4298863 4407109 20691 2390667 2990378 3176769 95457 1932633 2324780 1237552 1406651 1148220 3685368 175410 4429015 4281837 1182424 1593139 1463013 1268575 4298580 2585639 546401 2505539 2126410 3539093 3553501 2586754 2279188 778842 3656580 1196017 1091295 4248187 588415 3431624 2414100 4586723 4267285 1309621 2766635 3475119 3844611 2663225 499801 1586656 1960650 2892571 3781210 523761 2692124 3893833 2887360 3215762 1943117 1362911 473251 4470486 2916863 193496 902498 2517913 386826 1594551 3255234 1154210 2297391 915997 4482727 3037045 983838 4163335 1026355 1829279 760232 24222 664211 4042265 3742546 557176 1663179 2870985 1811317 732965 2134428 1630894 1976875 2985457 1956505 2602527 1982731 4418064 2302708 1474034 3673838 1058958 2216292 1323105 1439723 1504085 3718575 3119182 2000446 1732739 1514518 338896 36020 1770544 4395077 4024446 3521616 1391158 1772396 3807868 1558245 2161746 2353490 1254651 1784874 2580874 128082 1515813 2012838 2377095 2146223 3266187 1667759 1290781 88958 2799713 891969 3661441 1754525 1689968 2906248 2394269 1393548 1526401 2057122 3304126 4375403 3920140 3229447 3236347 2054479 1057758 525443 2196417 1423737 2780194 862562 1287019 4018404 1684747 1947860 3786728 2882950 2451827 1907983 4228586 2907152 161306 3118994 1930453 466959 2743707 87749 2570106 4193521 3333169 3617362 93250 93261 553839 1305127 3273170 1332972 873573 1616712 2040913 4278114 1218825 1904357 2798326
144727 144831 17810 7695 7612 110725 126678 144991 20055 899858 942631 3724640
6113 760232 2795772 2483660 925977
1204675 692 4427820 139 1168949 93491 338136 942031 629747 21587 2594610 95714 2961508 1094540 2305971 2254022 271729 486561 468634 1476845 2097862 1104681 167653 502611 914260 1524820 389841 601402 108885 1193376 1726057 4265571 775660 953733 306360 668661 316525 4015920 4030500 974131 1051440 742773 456672 6367 94604 295499 3308305 889648 2437628 1144081 610519 161869 2753843 1166666 1456878 277675 1636926 405238 936846 4062660 129526 151885 641128 8762 1032318 3012276 3371533 19154 3375068 935881 285968 1008530 1260495 30673 334672 24633 2208991 287791 495951 1273300 2567205 2091083 10165 1307073 135267 1993742 2630716 308305 435321 3754348 2098842 1788087 1009422 2828757 1451198 2500421 1045423 3233653 2527501 1357227 1308983 3895311 1884168 463085 4038336 4038331 4038235 948326 4038261 3035268 20107 442092 442109 3574116 2588330 4304543 4018654 3869514 132988 931366 2084023 2649198 832298 30658 2485419 1240871 328136 4131048 3546470 3177125 1761697 2987710 2160931 2057734 1451179 197979 584748 869778 262711 399018 252434 1079087 538834 325314 1324120 2139491 3280531 2726083 4198419 3677612 4477278 2904074 1196654 718673 223155 593881 2569352 4024883
277528 2641717 105684 3240459 390093 888094 720945 3292300 8780 929243 17336 1805258 103979 167555 400192 3098971
4006197 3492101 2697643 667954 2296617 2815671 1566089 2869071 1760413 1305153 772332 125893 4004322 2890430 1302958 3117818 1202830 257459 2257804 913931 2296646 729672 2996396 238842 3819386 971200 4635883 3969670 3692872 1435082 1921309 3492406 3162996 2688077 2501067 4207396 1970585 3058019 3103864 2263434 132077 3322587 240127 2410828 902158 1061088 1014985 2247199 3502446 2296639 2141353 2877629 1494098 2723911 1644798 3191228 450392 2488596 4234636 1259516 931870 2300925 759010 2783585 2636121 4102283 3638957 858218 1255221 556562 584604 340798 754261 849443 565645 1018724 103392 1758316 370259 2236288 3518550 2860549 451362 512292 4336312 2263550 1256831 4303876 256511 1008401 2261345 2153077 1891192 3367216 3629980 2315323 552957 1322748 3249734 832884 3969448 3553636 1791926 3643601 1288550 1204033 3082089 3845644 1396788 4138379 184506 2001796 3665426 198670 843105 3315472 1334818 4363629 1364938 2204264 3230430 3208904 396895 2300016 2196701 3134764 4510497 2763399 2087365 2130965 1687690
3255251 2543072 1415582 606594 1742350 826370 34733 1262376 4128754 3125245 1740114 258034 3177538 588898 353989 1524872 1490727 1315148 2766823 1025921 2783984 3227977 887986 888626 1346864 1363654 4183587 3497644
972093 683829 1788040 1803010 1809663 2246844 1717510 1786401 1896311 1881827 1903463 1807872 2244696 4348345 1802793 1707164 2192869 1809850 1804395 988174 2247497 988639 1252286 1237818 2248288 1067739 2239868 1809618 147480 1711345 2240090 1896340 1805621 988168 2245770 2241040 1802822 1196910 1809651 1707764 2248490 2244699 1803008 485240 2246871 1809012 2247594 1237745 1047324 2240007 1784971 2239697 2245775 1809612 1802116 2246798 1802160 972148 1188951 998759 295572 2243542 2243525 2239888 1896341 516829 1804422 2240767 2855248 1707719 4348232 1718854 1787968 1809733 2240061 1043928 1802120 972101 2248506 2248473 2343361 1809728 2243475 2240898 938611 2246776 1809656 2239828 1802134 1715874 1237793 2239705 1809624 1809720 1328021 1807860 2239704 2241076 1707282 412601 2239015 1238215 2247644 2239833 2241004 4590503 2245783 945417 1809668 610290 1460874 895079 987956 2241008 2241270 1719875 2239794 2241049 4348430 2239800 2242466 2248509 1876378 1804175 2246848 2248484 1711196 2245759 972517 4348355 1803032 2247447 2246840 2248481 2246761 2246794 1787957 1809808 1802166 988026 1717527 1715928 341030 1719809 1758406 1896343 1787947 2248452 1806695 1241366 1724821 1787983 2241214 987964 2800976 2399175 131094 895061 1729640 1809672 1805622 2248458 2240991 2244750 893310 1961760 1803979 2247412 2248527 2239791 1809735 1809819 1803001 1237748 2247461 2246777 1711719 1711684 1807767 2022973 2239780 3099748 1803959 2239717 1904950 1807871 1809629 1785027 1711647 3766872 1804004 1804397 1715878 1237697 2243533 988256 1803056 988018 2244780 2242472 2247640 1903078 1801928 1801916 1801814 1801974 1789386 1801874 1801943 1801953 1801935 1788043 1788077 1802084 1801915 1706790 1807781 1803011 1802146 1711363 2244768 2240757 1801836 1789391 1789422 1801760 1789416 1800941 1801830 1801750 1801734 1800996 1801772 1789431 1800971 1801869 1789442 1800927 1801007 1801755 1788093 1800984 1801003 1800942 1789300 1789420 1801771 1788085 1789395 1789473 1801901 1800981 1789385 1800959 1789399 1706026 2248479 2247471 1241362 393037 2237303 2247455 4348119 2243541 2240055 1718784 1802812 4386873 1307687 947455 1718867 4385674 1809625 1075818 1807818 2815090 2248453 1234874 1904960 1711460 4387889 2241282 1805590 1310375 2185902 1809024 2239871 1241348 2240892 1806699 1719813 1315883 1311206 990840 1860969 592005 1876370 2240025 1715948 566629 1876373 2247657 1902753 972540 930538 1802080 771202 683826 33206 1809723 2248332 1788034 989758 1237909 1715868 1802106 1803036 1809022 2240902 1718844 429842 972131 1860262 1787985 2243510 1802152 2241010 2245793 2248348 1808998 2673886 2248454 1717520 1718878 1788021 2248465 33484 972132 973428 2243504 1879850 1717536 1706753 2244733 2241239 1718774 1052070 2248295 2239696 1719869 1805660 2245790 439165 2240779 2239858 1718903 1717508 2247483 1804356 988209 2243501 1718808 1809713 1786405 146307 2246770 1786402 2241001 2248321 1809027 1905648 1802819 1801942 2239046 1809026 1804437 1234818 3161398 4348722 2247612 429677 2240759 1786407 988092 2248518 972124 1802858 1896294 2239810 990897 2239693 3796564 1881837 1224292 1804361 1881868 1706782 996677 3036371 1807793 987891 2247462 2244665 1237725 1802135 2240780 2240794 3884509 2241295 1711139 1234835 2245633 2203365 1060999 1241360 2239838 2247625 1809021 4348718 1062676 33079 2239807 1707901 1804144 1714699 2240988 2248460 2248278 2246774 1809648 987882 2240849 1717544 2241254 2239790 1958989 1717528 1237822 987936 988670 1789398 3035631 988175 683791 2248501 2248450 1707063 1787982 2240755 998201 344730 1645032 1645017 1062668 2092000 1092075 1804155 1708412 2341126 1804418 2248311 895090 2240125 1704380 1806694 2240762 2247468 412781 649428 1802798 2244685 3701711 1959059 1715832 412669 991314 1708487 3585633 1718874 2241301 1700672 1060993 1784966 972535 987988 2240969 1702276 683779 1807853 1876392 2239977 1718856 767961
383709 4140177 1646742 138705
22811 89005 52793 36541 18606 89011 35850 35827 586 1457 3424710 6797 3255690 3262929 8154 519950 8523 10126 10437 11695 12553 3117708 3180682 78724
7744 2287848 10891 85407
4109900 2298699 3441477 948732 2449308 866440 261000 1094436 2900840 372565 2434561 3810996 1542350 2982401
2611214 1099361 2140381 2663741 3691527 2852145 2663836 2663872 3693845 2042466 1240791 28498 2664127 577869 2663955 1849467 1867532 3691505 4475066 2533641 2663871 2673363 2611198 3693827 2664005 2518251 1069613 2660454 1849544 2663993 2666032 1849530 3377842 1834685 2611244 2262472 2664120 2610387 2664208 1843404 1391941 1853006 2663842 2663736 1824302 1868930 1052347 2663891 2074900 709867 1843433 2663966 1843417 1236048
1175885 1175918 3023785 1175956 971755 1163078 1176075 3023765 1176768 889473 1176834 1176873 1176839 1177189 1177205 2921382 2553603 1177368 2880554 1309426 406704 1177410 1177442 561107 1218516 1274293 884908 1177476 2070358 1266972 1180592 1180591 648690 1180587 1181204 496468 1181246 898753 1181284 1225173 963778 884957 2310446 889628 2111738 648620 884910 1181391 115427 8139 1182797 1182848 959502 1298542 119575 1225265 1181408 432908 78957 447507 311652 994350 3812289 971634 309609 3219003 1299806 1175920 2250004 1266953 1266966 1266984 884947 115423 495788 278448 648683 2755618 1175431 1692987 496487 1281413 1281491 857907 1901543 1281493 973653 1176855 1177251 1281495 1199969 1225308 467660 120004 971752 1284696 3952299 381239 884971 1269207 1009605 1309497 1285492 1218481 2012464 1989644 858322 1180161 1225300 1289428 1289346 1225201 1289344 2691424 1289341 1289324 1225145 47899 2881274 1289325 441378 1289320 1289318 522028 1218502 1289322 1225175 1289427 1218521
669613 126814 341089 428901
2274214 234489 1213569 1564974 3820574 1301076 341181 2738843 2015343 2275028 217915 788858 3667020 134222 379487
2501 4412716 2595431 2615063
1045116 20017 4194458 20013 2716410 3279016 4214630 331419 972877 3177327 19973 1893958 2229701 532925 200145 1706734 686801 2858039 1698160 3905493 268320 2767968 2056144 3878817 2085738 19127 863257 739566 785237 911537 30530 17975 3945952 1035691 4618795 695974 295836 1128653 3242118 218346 1062313 3570420 2576220 4253565 736014 3243563 23691 568439 1068841 15034 1652140 14336 104202
2348612 560355 857505 212253 257158 224132 718763 235410 694038 78190 2725977 278960 1268240 3654027 538572 109834 78076 239069 1896568 172324 492572 67204 2705618 200785 283076 3234689 88673 3972849 108763 685285 14331 1424901 93202 1452386 25066 195023
981749 3983372 84242 472229
30316 338188 3028519
3103351 3081868 3722781 3057864 3277784 3522190 3077116 3804615 3065691 2417203 3123287 3098665 3084206 3030181 3319320 3102596 3293532 3381901 3045209 2419785 3365022 3070711 3468124 3077110 3394679 3079661 2372723 3375986 3266415 3084336 3254158 3358805 3646078 3085600 3065675 3098137 3011350 3043623 3453893 3013286 3079453 3680394 3268992 3485265 3096060 3079636 3076082 2381592 3376010 3266481 3071612 3254172 2783963 3010219 3526305 3160537 3043612 3523039 3260767 2776346 2852949 3419147 3472014 3079647 3008184 3114717 3270078 3007265 3072340 3254195 2180550 3472650 3064771 3084365 3008499 3270859 3136147 2077667 3270898 3008615 3397497 3079670 3075218 3008157 3100831 3012232 3072903 3067295 3060671 3063695 3265828 3049433 2630506 3121147 3081872 3100886 2718006 2076601 3010336 3056935 3106342 3089667 3035543 3075226 3008512 3019809 2178661 3059008 3061519 3098891 3080943 3042740 2942408 3036363 3108953 2026842 3062782 3107152 3059336 3035539 3074183 3008509 3265712 3019827 3072991 2178044 3073095 3060552 771452 3080947 3042677 3261231 3047069 1841801 3083375 3107223 3049658 3035512 3074061 2909570 1559847 3020659 2182131 3048795 3028127 3058865 3102694 780530 3049495 3041966 3101736 3047960 3109664 1661636 3073763 3101521 3134362 3036437 3009553 3074059 2401177 1558606 3020660 3048799 3121080 3055541 3096178 3008501 3261244 3036360 2706970 3112330 1655764 3060510 3266399 3114019 3031169 3073945 2905931 1558382 3020692 3048711 3121084 3055521 3096220 2202025 2806493 3036302 2699807 3128494 1605332 3115695 2036639 3031170 2408920 1548199 3005315 2934848 3270857 3054753 2806478 3097929 2143147 2947042 3036293 2699411 3055556 1587268 3116577 3030226 3010313 2853362 1542708 3013207 3048727 3050939 2942467 2745214 3036281 2608634 3120056 1581852 3020685 3079562 2272854 1541193 3013984 3029248 3079629 3008784 3050932 3090528 2541912 2944561 3036233 3119209 1576834 2913371 2272799 1539458 1580190 3120000 800530 3009751 3270837 800205 3032544 1799470 2942778 3035710 2329091 3096409 1564935 3119146 2018735 1508408 1568754 3104173 1675456 3066310 2077171 3066423 949377 3036630 1566043 2042574 3036216 1565526 1864804 1961943 1675143 1861998 1576923 1578513 2209599 1647264 1502642 3042033 2058777 2164127 2062402 2094895 2079608 2062043 2055936 2075484 2063096 3020772 2243488 2564900 2636696 2568392 2584414 2557000 2603207 2710686 2612803 2599018 2958448 2968371 2976980 2969138 2920711 2963305 2921500 3018881 3300440 3286820 3302375 3308583 3322087 3327227 3331464 3320506 3623173 3599510 3650667 3605357 3630106 3630804 3632787 3888688 3900666 3913410 3945631 3943046 3932421 3928062 3912168 3948121 3959952 3932389 3939914 4203816 4236216 4239812 4231668 4239825 4231322 4237166 4212268 4219017 4208246 4218652 4236143 4249316 4236158 4236386 4231769 4229233 4229917 4223984 4516019 4526790 4496519 4521397 4521111 4526784 4496501 4496512 4496511 4532222 4532858 4496549 4532202 4500428 4496527 4512051 4521414 4513690 171894 829 20015 127741 127745 3164 152663 38848 4858 435355 127751 8088 87703 8952 778755 26550 114662 4541692 4897 827821 35370 100855 94790 171943 30663 36774 15193 21963 147780
1099201 816082 3170692 3160504 1385751 3626927 2239881 1093933 1782720 1836056 580680 866520 2989536 604758 234305 404740 545122 2339991 1220080 1349594 2063625 691158 1517390 665951 4440637 4180956 3028195 125932 2743742 3663073 2130149 1630790 688370 4071849 4171539 4545420 4326621 3913619 1537651 1763771 3804160 1748370 4616836 3224117 932618 266179 219429 1814917 870523 3112727 1346596 1217418 179261 548902 2005722 1783358 614035 3048855 1799381 3016716 477325 4491762 1350754 4635880 4430982 3719955 1275530 4635893 3069374 675414 2852642 4094607 4099640 4110062 127478 202352 368676 175154 1740461 1133000 2826577 432155 4626341 2346477 3528325 4523 162554 1081155 1130540 425762 3850090 3286506 838218 1580036 523672 1302101 3232625 3396923 3820263 2727661 2661065 3017888 396257 2164614 663843 1313089 446243 419528 529806 875264 817189 1104571 3059192 2445632 2841848 3016115 3413936 4001238 608975 3817568 265560 1676710 4507267 2223416 3548613 260240 3308133 752889 1616786 2371472 1313771 494524 2902300 2552340 1977537 3252995 1164494 1046134 4213582 1245344 3479387 453196 589160 4237814 2260252 962143 1755406 2377889 4208846 2189882 18208 290810 1403843 1956987 1269105 3778353 3008073 954235 2530486 934801 888502 2155471 2692870 274459 4224049 1422560 729310 3548973 2273677 4117715 111609 2692838 3820312 680881 84513 2427704 772553 4115038 2385749 1733004 109607 2237739 2994326 923352 157782 1566236 895193 350645 2302605 413309 159037 2721401 626027 437576 459229 821125 1116621 1815044 255606 2235935 2711718 4494929 1167926 1591674 1212282 2868399 956702 4014230 2131983 1480632 87737 422875 29678 1878173 406876 1264828 1323723 3311919 3079763 4599383 3978986 555920 392797 490478 2437811 13450 2292025 4635886 133443 4103376 2188327 640132 231993 2249547 3019974 715003 4574156 558083 476571 539940 3590754 1777662 750350 2565003 625078 2439747 1802393 287231 1986357 4628319 3220260 1174006 1505534 94757 1419718 672305 184404 15099 2967197 216497 182573 3600325 3848215 590325 628050 1981692 613732 676293
308638 413503 297325 297333 2368471 2617839 650200 989366 1345917 3801343 3818373 262676 3914759
1957 322378 1117593 95994 4318225 2067451 211404
1424103 1608038
825286 823037 825208 1390859 2420525 2843698 4467040 4210896 4430494 2498556 1564058 179407 179621 179442 179430 179451 179391 179376 179422 179592 4555797 179393 2405495 179382 179581 179588 4297844 179587 179605 179596 179599 179576 179370 179431 179435 179585 179380 179413 179438 179586 179604 179607 2772990
2991006 2484970 2577284 897780 2065047 443984 42589 41914 3502349 41759 41566 41428 41115 40979 40855 39294 38882 3269277 3230255 2158892 2508013 1150393 1526987 1404963 2161130 1758380 4593267 3172756
1378483 120837 4373454 1415345 3275718 1026198 2113937 15114
90395 562351 1831361 185825 109370 436026 880827 149946 1651938
4477370 4550379 1758177 9734
4315529 65800 481162 806093 3212343 831724 126556 1779779 1095024 254424 935161 40241 65992 4315468 2405177 1998341 4383820 165767 1101235 1082441 9846 1998374 3213763 2568956 3287662 469382 2900925 87803 3784880
82304 112848 1813120 17337 1207692 2000856 1504740 82302 2232108 1419902 346799 1500403 3347585 44713 298697 1696047 917005 794469 327833 1058662
375297
1535319 238314 4489481 485482 1815257 1320639 389561 2896753 1245152 2744861 1306314 1256448 2140 2801399 2174468 2243532 2418830 1465924 217713 1205001 3187401
4247017 245453
1081305 2374228 2960863 22523 4445075 741316 1623843 1200107 1395039 2963019 82928 846367 1623841 178466
2742369 117561 1217791 1768299 62126 1749258 198813 2501525 2477600 807287 4371320 3197730
2499660 37342 2650717 791135 2375978
1757157 1248836 30386 2083885
2079354 2079539 35620 35618 165767 1872561 896442 3290915 72053 9846 192233 4161918 1043831 183849 183852 183582 183180 26639 12892 1454788 893416 72068 274487 288033 40154 1021439
503825 434112 3280997 1253565 2704563 2519507 710050 127835 2411981 1380979 186722 221218 4117237 2844274 432125 3872995 1788463 465640 3518 258993 220392 220627 469027 432123 13537 2394573 243591 221161 430791 1605718 2191699 432126
1251805 985931 902960 1951141 1327858 3538099 4085720 236739 3233263 131940 1441487 624484 595632 854989 663732 384958 1261766 985891 899731 14842 38931 3831955 1106531 1115858 3151784 2817681 1168745 415575 2004870 2469514
2845012 3774901 3216147 3314766 3479650 3750404 3945515 4110156 4194658 4341776 4503029 4635213 808470 2382995 3056760 2974990 3471032 1788258 1775248 962018 384791 929627 4388656 3001906 72170 9846 3644117 1239360 12892 1395339
2389082 81325 1630837 3511267 3441135 2518249 2230513 235660
478065 311275 739142 195475 664015 17466 1268871 195456 43825 365116 17463 324000 4010260 721474
3777927
1243912 876871 102664 1631685
4332841
21476 177523 21018 154129 529139 441245 557909 239802 1205424 3381198 3315222 86729 227980 400004 250576 1397323 2979496 3326970 117713 227992 526417 536766 263668 2038264 84166 228612 22812 227982 1068629 425147 116696 227989 425070 275335 2550513 2100637 21358 7047 1565498 962263 924869 1444639 227991 700827 731185 131099 268054 20990 666315 1689699 228010 2416769 2191562 129012 3494142 2715401
3736601 2791875 1690 1322291 1905 1736487 270508
370431 267292 2658051 4088473 3060436 663568 4590501 327711 348578 349550 1131507 2392696 1369474 2291259 2688603 2731247 2305440 1858023 564923 327609 1743651 1945332 347076 1865517 4296728 358503 2539978 1872407
1361218 1416363 932767
800474 189420 2864513 1734101 690711 2566079 789032 780481 7254 464356 3572011 367819 3019800 2368176 2258856 2260462 231830 1023208 2717813 3344091 882229 1399687 464977 2701151 422604 779346 243020 3878927 1527177 325202 173875 672912 1664836 2727814 1432358 1104482
2760054 693401 1540779 1856625 2579621 1557637 2401902 1706960 3652070 4003753 3089696 1754092 2677663 1411007 409167 2482106 1123376 1282242 2478479 3391625 1688169 1223559 3088549 4421157 4280060 1241871 2324909 4081356 985991 1553880 3263243
158627 2323819 1863204 124496 444242 3563002 3120 3087762 4137 296699 1062587 2764947 270085 398935 2066308 2817074 7358 2123074 2998411 962184 236395 546838 1109680 1314192 3522017 1915616 4316200 1476032 1049075 11941 4387579
86766 840722 3043836 146104 5974 718077 4620093 7836 3070419 2222238 94709 2397483 3099045 393408
1524168 1042763
44174 1494664 163658 48242 2132001 50086 62806 63834 1087350 4109159 879936 73361 237561 3330824 676372 2827629 1769405 3994088 1019096 655956 393072 857746 431122 719548 2608899 512527 2387132 1237590 2750468 1174413 237667 691045 2991166 2341751 3089376
35331 2047193 283057 2667050 546497 3487071 35315 35328 2572637 35210 3267333 458589 3609417 3332148 2574077 226724 948592 218839 3460641 1035805 80423 4178664 103318 77993 35209 2974206 2425863 929265 855693 675547 2699229
67794 1352306 1378914
150922 147641 602567 4054456
3023009 977430 31415 4540300 975031 34328 2103591 2071897 4538794 231419 204916 3827361 635325
4078691 2184203
3856158 377196 3857023 38970 2961124 466729 787914 2961128 723645 1365651 994516 3857017 329982 3857015 385360 788629 3509912 2767611 565766 2961171 2357556 385398 3856164 822170 333992 24794 466708 38889 120879 460286 548476 1357060 1155282 636199 497748 3749127 653998 1146722 274650 263118 14842 3894823 636861 632371 3856991 371130 2961208
1177259 1752548
154018 2892365 797919 101700 430285 4135769 2534353 2745430 4505052 874087 1516028 1982998 185037 1693556
3938980
4237210 78478 1607406 1503951 426606 392051 902054 1549155 2037354 2089763 1549789 183182 1542930 3299821 477374 1452833 549761 49380 549932 2950109 510395 2119874 516526 556689 4300688 3932637 25109 1009885 1549154 1180197 3307195 972644 121431 2452661 3151559 2038022 229063 495564 885173 901998 1196886 988242 112360 1196287 559360 1310134 549655 1144532 866122 1064951 2729915 4173108 388496 285902
1659149 265160 1552972 1056714
393765 1368128 2644192 763907 306966 293649 293663 293659 293686 293672 1957897 926050 2780354 1154911 546870 230648
1010516 2534048 2582935 1010503 2315426 2588113 1010529 20324 35075 871949 1449764 1269567 855707 2579959 725950 2545413 2235090 2464131 1020947 2235510 1589008 2578477 52775 2553502 1368058 2371159 12796 244120 3872075 2583958 847869 2554191 2585040 246782 550492 2579546 503983 2550174 983206
3082924 385997 174428 12264 12407 176464 12270 2344284 3160242 3344971 186119 1895830 3754845 2005725 3530587 1984758 2883347 4339915 12349 601503 1620530 4488601 323892 1632007 1624097 1631930 1962340 126465 897523 1149619 3672894 2409030 696127 1795114 1309795 1798755 2884526 3557087 290565 2655418 2787196 1506163 1705892
273037 1230342 2005721 44612 19049 116683 3979911 1907504 1114752 4074564
80825 2199286
1041960 2329329
332225 2068516 623326
3466613 3166756 1667198 2904225 150228 476785 822845 2400999 217701 315121 1584652 24375 491808 2367164 1515760 14349 4535487 871267 1220204 849617 2036270 3950492 2599630 2156638 1183348 2686516 1068524 1144275 1800290 954014 442419 2071142 1265330 244384 450374 2155039 2608740 161380
3997718 497692 1596762 1596761 862718 464779 1687548 501921 9897 862853 140237 355104 368195 1352772 165366 986762 1021148 334344 862678 857550 3872572 853633 878552 1692845 867135 3872580 2875848
608915 3176848 3099221 183254 616735
1350521 2558206 1350565 982851 4004646 1528526 3035652 1397634 2342838 3830836 224025 17432 20576 806363 862263 145550 643857 1997992 2112674 2112696 2112717 2112772 2112750
191019 3831718 4093866 4424107 36406 461841 4409377 1027436 801175 2539867 31500 38458 4556061 4431800 1422453 4094655 927827 2326008 793307 3879043 1325817 3622540 4093183 127146 4499394 4305735 2549511 99023 3305396 61580 878139 212431 701280 1306200 1207534 350579 1002765 4094662 4094652
211607 545773 2503621 301601 418165 3181184
551993 138224 636689 3463589 4021863 816776 2066615 3096791 827749 2845278 553586 2139736 23932 594434 1706564 589835 1538015 951688 828292 402843 822471 1359916 155334 436973 347951
834738 4517975 1261698 1158952 3572222 3273085 3775018 704400 2674605 3272991 803724 2778274 678163 2155578 2145062 860620 1753609 768214 1513088 847611 629419 1472574 1340280 3313598 2328254 885340 113297 14571 3991861 2443630 1145454 3007630 2462055 4413267 2249706 3272427
3569059 3081342 37434 1594316 128745
3271579 1223590
1758155 2093164 3820688 1262797 887356 2930378 1881363 1921600 167130 3634157 4120401 499147 2101504 2109163 36840
384470 51083 1372653 2713764
3774999 161508 1304453
2183484
2013458
1693027 167259 1869634 4245029 1096853 3784007
3735380 940335 678383 593470 195354 4117651 323891 1180313 626036 1297901 881952 1297264 881917 323863 1072244 4013316 3577146 323895 4269453 323890 1218275 323867 2413299 1155629 4159848 3569641 731613
144755 468239
2882305 2884044 3277319 205199 10874 1391117 3108036 3659321 3157905 1798096
2121465 4204496 2982631 310424 785575 439323 909044 3305976 989153 1152284 140694 2279254 1425516 4434360 3438604 604468 3772887 3306964 2075604 3221767 4345163 2753487 4197508 598494 1818466 2398765 1124123
3969132 3307056 4555806 3667704
1363461 1363475 1984275 1993924
1444 223061 9081 603144
180855 9491 945830 990350 1401327 3339028
703456 247964 393364
123247 403527
1136697
489413 1386386 1386433 4605630
3584094 861894 856525
4077152
4231214 4116160 2644831 3609251 3609794
2116501 11935 28461 775166 147271
44529 29152 230074 197 981 913 1396 1398 390 29812 136400 129150 147557 6112 134682 129146 67366 99534 42682 541549 679113 9485 94923 138467 367512
670328 1234943 2202321 404526 103628 1225563 30488 7275 10018 281408 276111 94046 14414 3020246 1195609 3259060 10009 1984805 472194 11265 893263 381560 1261290 24041 1783068 143026 2308652 31214
820220 44529 29152 981 1398 29812 136523 136400 129150 128280 809645 6112 134682 129146 67366 405917 9485 367512
614529 200985 523704 1360300 3754730 121577 347160 90571 3356095 1166972 3278335 20669 81152 310863 421894 3254652 869730 94732 141100 491187 1871587 1486112 2596549 2049872 2049879 21837 941129 283172 377985 9473 866446 1815223 141209 682959 2998202 356205 749377 22673 1289652 14964 376068 1161136 1212099 3343310
937906 642494 136694 187635 696674 22426 1102037 221033 3997727 299068 739565 21656 128695 453971 21653 194649 123341 65212 336956 124710
2999227 137531 1255539 711832 351214 550246 129863 1347190 1334343 1880968 88503 1544098 419513 163471 859258 3271175 555290 1330335 2975520 419807 2045979 17769 963228 743194 531081 521510 2602299 494574 504525 2304988 14629 14666 14613 2652640 2611069 226895 2936970 336515 820446 14712 2060105 2333981 1424977 2943439
958328 13493 2205061 99 4635899 2341709 2263853 3872 397358 179962 3497958 793581 9437 10181 78785 2030238 2600270
365803 478243 238607 3625917 1476150 1473850 368849 484690 4020560 8725 236118 1773957
505194 9674
1541230 1803920 4428206 4610846 4430676 1516895 1323084 1295982 4635913 359754 2435441 3748960 88528 1326508 2956154 2191629 1295702 2099177 2191631 2191658 1380261 1483322 1693174 207249 1678662 1076046 2071672 1516952 35253 1299538 103150 240822 995460 1295971 1207280 1668733 1673055 617846 981161 3211104 396063 2809040 3751694 2291599 1380175 2445612
1585132 1552319 1496677 1703114 4062 294422 3304718 258577 1242783 104310 910720 113301 8302 9964 1315798 1975680 17227 9795 2587797 4184469 207344 868818 1626779
230267 1154288 996335 1348581 1736931 3234302 1306360 2827185 856989 3384069 517337 315460 835895 818714 240709 149169 1601274 457357 1750670 2635099 645657 2827138
1044070 34355 343 30 1173 346 29014 2231813 133442 6358 5792 6026 6345 17207 10299 1440498 10368 204108 15392
262343 312979 298355 854 451947 625998 3435108 1270 1262 12684 626413 2083205 665 2292568 220859 2601197 150627 3435112 6056 12732 7413 8946 20971 9178 263401 2781828 9687 3359798 3153366 13530 12824 263859 927392 12696 1879577 14516 262951 103203 15432
1273770 7023 1038795
394005 466117 485614 144460 2353228 110266 112414 243244 3526935 4188700
922141
530857 2058543 2179868 3861463 29444 569880 489411 2802202 4209892 29804 4220681 32899 129304 112090 2268372 113499 20680 4155649 1466 3358358 1801017 1170397 205557 199081 2235754 18158 827878 121569 252218 227623 631957 4366335 31971 2846752 3279307 3886506 1355523 3525766 9812 569978 570004 4440408 18644 1381660 3358208 3500509 3608598 3946890 205144 340377 145162 223184 3082624 145160 2609091
2871792 741136 655150 1791955 1722261 689749 4071501
62487 590462 562040 33610 62488 3935995 62484 2753528 24506 3987924 489657
1641908 90562 1794202 589596
87 1358 221400 2205308 638872 141065 1571293 4010 206976 5264 964270 950957 3014765 3667020 346881 3204289 1571310 10390 712144 2362357 1571317 526224 10821
85860 85233 852419 595525 90938 2049821 1643104
1667643 2227 135781 1047794 1091594 2731170 867000 142959 2692268 3695991 463448 236808 14485 1090457 14462 14542 3264991 1642206 3148807 3055590 3447438 92905 470722 720582 138862
81 1202750 2088098
97 181111 797693 3463680 693507 1312 543638 925806 416876 1010966 4344640 211739 1370315 438052 241038 233689 433137 2999516 1273011 535268 1050954 151554 2887978 2760210 619796 3734642 46148 913473 46131 3212319 151586 100817 124663 214588 3833445 797706 8368 1348052 9441 9870 34766 9433 9430 1158832 9957 3864001 1983900 10352 33242 1236193 12092 2003308 170955 1070514 2003674 385503 699751 2871463 21825 15313
1008237 691345 967300 669458 691322 1658329 972818 2752457 649056 2138764 513889 995938 98615 2280471 691338 669459 691326 1046938 691306 974147 1596743 1478014 966437 971207 1030031
3492825 2178114 25930 1376 498966 1385045 31501 380957 401149 197881 671120 3510224 1342659 1295446 9257 1975889 2619215 1865319 3032750 12408 27403 164328 3999974 127557 924356 632467 975037 975036 1455560 2010658 22335 167550 15288
4435129 180524 425638 586033 881661 867517 123939 463470 435852 1749270 3883520 1927509 121186 32488 18627 3985020 1079099 2760484 1542738 3711683 1067054 1927536 241489 1395719 2012147 239704 32464 1873692 1543010 1642875 4112829 1067358 641575 799152
1297039 420870 150 163306 296484 24353 24255 956857 114186 24263 322572 24364 247959 24267 24271 925659 2447 1360216 340100 2779621 265648 323807 241336 758655 608769 316249 420858 605437 12483 1052751 2243776 193375 126186
731 742196 757087 1061781 13601 68477 74158
470 30072 386127 944070 1179684 2746 2352 79398 580147 117336 2995843 714075 82477 274516 1108754 241876 1400046 1214270 209816 2510824 3620568 34268 957358 1261840
3152749 670204 2344154 808350 121754 523683 668824 8548 11220 3240721 319627 715266 809353
684245 132847 177952 24591 175670 94822 101868 394250 114341 31651 939369 1037558 138165 138185 138161 31014 138156 138155 138170 31034 138234 31303 31017 30966 30968 30939 809035 397145
874084
3252186 3928037 103 18630 30043 560682 6090 611102 2179702 1213625 3963810 551540 524568 52747 5056 963829 2911144 979923
22019 167538 98532 1007028 857543 396518 863954 1815456 1800728 2005670 1463980 2005725 2000804 863948 14377 121139
485813 108276 2411125 4320381 256376 3332530 10773 233546 4635891
2279269 30291 265385 485027 5271 80300 30148 7770 2497978 1192939 609085 676068 2243131 316270 31327 3006761 2243128
2075084 177098 440344 32023 3450295 1977781 1227313 3854425 264825 1762347 1943514 556429 82423 2337471 961145 2164394 177121 1453209 1581828 2004014 177267 1895768 683597 872680 1834677 877067 1895771 2593259 1175641 3233956 916284 1909975 287667 472069 1004825 125974 544331 3234973 392965
1977809 2850655 2049219 259469 442942
2044799 918799 1235331 3952337 1254582 1927289 1818957 4337672 121935 32317 1083099 1392471 285038 2343460 10506 905718 30203 899128 482367 1211431 1316838 2098932 313858 212141 10621 2344770 3340889 1525870 1276665 136574 1959452 1096701 1024202 114193 2791640 2770313
4519044 401848 3977683 2911370 4521424 3787232 312238 3413702 538896 1386356 1103420 3413766 3877926
3119500 2729471 155653 131983 709271 105259 2279377 334100 2472587 2400092 2473370 2276215 453580 2264770 495688 3498102 3496900 791486 2615192 2868511 9449 400943 2599032 24379 391908 214145 409494 12140 2202144
388237 36760 85355 127559 552575 1863155 2885912 77961 909 3374281 1079515 1499 64914 82466 62929 3517594 2053737 418562 3747230 2592482 656871 186209 700977 99048 7441 132739 1064071 656363 1543882 42813 358189 79720 176607 97826 147814 11479 44488 86155 296502 329694 371246 3833559 13922 129126 14694 600365
263716 2239257 110640 1512647 2207872 2150723 1516320 236064 429008
2523918 151406 2609014 125871 367059 2369408 1225241 2977811 406140 379443 897078 3399120 1515912 254596 368474 404389 328581 473800 154207 181114 2801528 205574 2726750 2781831
136081 267666 342514 277316 2053081
401306 127559 552575 77961 401246 1519869 115136 137923 35685 1499 123516 401376 2310205 206143 2041240 2824428 42813 358189 443631 456408 86155 296502 86622 1290620 14694 83202
658675 156730 4096547 3540361 3542257 3543182 3558228 3559118 3561039 414906 351925 2187237
2797809 2309795 2309814 2394548 2331391 4542449 4540589 1328890 4540397 1920004 4540265 4539347 3511528 4540193 4539340 1216570 2098212 136510 34250 1688598 1689603 123267 103412 481762 2988907 1308391 34542 136516 161042 127191 27904 150748 123851 288033 167734
356842 1968808
3191254 2840659 1211328 132205 391684 32306 998810 1769451 665944 2728286 1846112 317589 365279 405658 334112 156060 474352 2326248 1799444 1177135 574953 125962 376363 2847337 1769441 1771088 605475
24059 3642363 766665
352353 2296595 399561 221946 412507 634750 3931537 537305 459309 3306641 3931522 230988 2414150 89321 4635919 220864 247133 512373 1762371 221931 13143 1858877
